event_id,away,home,elo_h,elo_a,elo_diff,pp_home,pp_away,pts_margin_pred,pts_total_pred,mx_epa_pp,mx_sr,mx_ypp,mx_expl,mx_rush_epa,mx_pass_epa,mx_rush_sr,mx_pass_sr,mx_sack_rate,mx_to_rate,mx_pts_per_drive,mx_ppo,mx_start_fp,h_o_epa_pp,h_d_epa_pp,a_o_epa_pp,a_d_epa_pp,h_o_sr,h_d_sr,a_o_sr,a_d_sr,h_o_ypp,h_d_ypp,a_o_ypp,a_d_ypp,h_o_expl,h_d_expl,a_o_expl,a_d_expl,h_o_rush_epa,h_d_rush_epa,a_o_rush_epa,a_d_rush_epa,h_o_pass_epa,h_d_pass_epa,a_o_pass_epa,a_d_pass_epa,h_o_rush_sr,h_d_rush_sr,a_o_rush_sr,a_d_rush_sr,h_o_pass_sr,h_d_pass_sr,a_o_pass_sr,a_d_pass_sr,h_o_sack_rate,h_d_sack_rate,a_o_sack_rate,a_d_sack_rate,h_o_to_rate,h_d_to_rate,a_o_to_rate,a_d_to_rate,h_o_pts_per_drive,h_d_pts_per_drive,a_o_pts_per_drive,a_d_pts_per_drive,h_o_ppo,h_d_ppo,a_o_ppo,a_d_ppo,h_o_start_fp,h_d_start_fp,a_o_start_fp,a_d_start_fp,form3_h,form3_a,form_diff,rest_h,rest_a,rest_diff,qb_share_h,qb_share_a,qb_change_h,qb_change_a,n_prior_h,n_prior_a,neutral,conf_game,fbs_h,fbs_a,early
401867891,Youngstown State,Southern Illinois,1321.4212,1386.618,-20.1967,31.6594,32.2817,-0.6223,63.9411,-0.302,-0.0787,-0.773,-0.0013,-0.2946,-0.2894,-0.0212,-0.1383,-0.0209,0.0033,-0.482,-0.3522,0.4298,0.0071,0.0385,0.2759,0.0054,-0.0042,0.0114,0.1031,0.0401,0.155,0.3512,1.0624,0.4856,0.0028,0.0029,0.0279,0.0266,0.027,0.045,0.2387,-0.038,0.0023,0.0507,0.2842,0.0432,0.01,0.0005,0.0757,0.045,-0.0229,0.0128,0.1395,0.037,-0.0136,0.0026,-0.0153,-0.0199,-0.0004,0.0091,-0.0081,0.0048,0.1077,-0.0451,0.812,0.1771,0.1482,0.0432,0.9014,0.4441,2.2755,-0.5014,0.5857,-1.7613,6.8166,18.0075,-11.1909,6,7,-1,0.6027,1.0,0.0,0.0,5,5,0.0,1.0,0.0,0.0,0.0
401868064,New Haven,Austin Peay,1374.4841,955.7148,463.7693,42.312,6.227,36.085,48.539,0.563,0.1324,3.071,0.0917,0.6157,0.7006,0.1391,0.1438,0.0567,-0.0137,1.5234,0.31,7.4437,0.1785,-0.0556,-0.2065,0.1224,0.0131,-0.0044,-0.0896,0.0253,1.1493,-0.1909,-1.1166,0.6143,0.0335,-0.0114,-0.0286,0.0182,0.2624,-0.0681,-0.1714,0.1138,0.1276,-0.0644,-0.2529,0.2557,0.0173,-0.0092,-0.0786,0.034,0.0123,0.0093,-0.0928,0.048,0.0406,-0.0008,-0.0173,-0.0019,-0.0075,-0.0029,0.0019,-0.0072,0.1722,-0.3141,-0.8165,0.2206,-0.1305,0.2731,-0.6104,0.1033,-0.2164,-2.9122,-2.9394,1.8085,16.7589,-2.22,18.979,7,7,0,1.0,0.109,0.0,1.0,5,5,0.0,0.0,0.0,0.0,0.0
401868295,Alabama A&M,Jackson State,1375.9506,1164.9988,210.9517,31.2371,24.9789,6.2582,56.2161,0.0152,-0.0013,0.2999,0.0134,-0.0519,0.1418,-0.0021,-0.0058,-0.0055,0.005,0.5937,0.7531,1.1325,-0.053,-0.0119,-0.005,0.0513,0.003,0.0088,-0.0055,-0.0009,0.3767,-0.0202,0.1228,0.0259,0.0046,-0.0046,-0.0015,0.0026,-0.1509,-0.0864,0.0088,0.0214,0.0652,0.0068,-0.0752,0.0083,-0.0116,0.0067,-0.0342,-0.018,0.0086,0.0092,0.0098,0.0045,-0.0066,0.0085,-0.011,-0.0014,-0.0031,-0.0086,-0.0015,-0.002,0.1199,0.0164,-0.2194,0.2708,-0.08,-0.3168,-0.1948,0.3214,-0.5914,1.1964,-1.6937,1.2266,4.7245,21.0276,-16.3031,6,6,0,1.0,1.0,0.0,0.0,4,5,1.0,1.0,0.0,0.0,0.0
401860899,Oregon State,Colorado State,1385.7505,1436.8121,-6.0616,31.656,31.253,0.403,62.909,-0.2086,-0.1028,-2.187,-0.0803,-0.1113,-0.2958,-0.0944,-0.1053,0.031,-0.0141,-0.9332,-0.6296,3.3032,0.1208,0.0376,0.1551,-0.1367,0.0362,0.0089,0.053,-0.0771,0.7708,0.6628,1.1828,-1.1122,0.0001,0.0118,0.0401,-0.0286,0.1111,0.0302,0.0822,-0.11,0.1306,0.1103,0.1528,-0.1633,0.0311,0.0051,0.0389,-0.0815,0.0393,0.0259,0.0521,-0.0666,-0.0202,0.0072,-0.0187,0.0396,-0.0038,0.0094,-0.0019,-0.0028,0.4673,0.0155,0.7031,-0.6819,0.9237,0.0303,0.819,-0.704,1.2627,-1.8467,-1.4774,-1.2836,-0.6069,11.4095,-12.0164,7,6,1,0.5227,1.0,0.0,0.0,4,4,0.0,1.0,1.0,1.0,0.0
401862790,Texas Southern,Florida Atlantic,1477.532,1086.3341,436.1979,51.8799,15.1295,36.7504,67.0094,0.3484,0.1821,1.6577,0.0013,0.4323,0.2542,0.167,0.2046,-0.0775,-0.0069,1.457,0.8916,9.0864,0.0823,-0.0089,-0.0767,0.1805,0.0449,-0.0438,-0.0368,0.0566,0.44,0.0189,-0.4306,0.806,-0.0112,0.0093,0.0022,0.024,0.1247,0.0021,-0.0706,0.2391,0.0422,-0.0425,-0.0251,0.1444,0.0295,-0.0377,-0.0124,0.0873,0.0574,-0.0468,-0.0707,0.0297,-0.0217,0.0056,0.0318,-0.0184,-0.0011,0.0047,-0.0049,-0.006,0.5169,-0.0161,-0.3365,0.5875,0.414,-0.2574,-0.0082,0.212,1.4765,-2.1713,-2.4493,2.9893,14.3205,-12.044,26.3645,6,7,-1,1.0,1.0,0.0,0.0,4,4,0.0,0.0,1.0,0.0,0.0
401866653,North Carolina A&T,Bryant,1182.6994,956.6301,271.0694,32.4345,14.4376,17.997,46.8721,0.1328,0.0594,0.4878,-0.0154,0.077,0.3048,0.0751,0.053,-0.0325,0.001,0.9428,1.5952,2.6477,-0.025,0.0934,-0.0973,0.1538,-0.02,0.0581,-0.0837,0.0539,-0.9545,0.7028,-0.9776,1.1674,-0.0303,0.0232,-0.0229,0.0151,-0.0033,0.1156,-0.0813,0.1146,-0.0449,-0.0579,-0.1022,0.1897,-0.0121,0.0724,-0.0993,0.0603,-0.0299,0.0242,-0.0594,0.0478,-0.0163,-0.028,0.0323,-0.0119,-0.0039,-0.0084,0.0003,-0.0032,-0.2896,0.1719,-0.8469,0.5575,0.4508,-0.4676,-0.5539,0.1229,-1.6612,1.262,-3.0742,2.4967,-3.6885,8.3378,-12.0263,14,7,7,1.0,0.6131,0.0,1.0,4,5,0.0,1.0,0.0,0.0,0.0
401866657,Campbell,North Carolina Central,1154.5512,1213.2067,-13.6554,25.041,26.6047,-1.5637,51.6456,-0.0951,-0.0641,-1.3669,-0.0294,-0.0927,-0.0989,-0.0896,-0.0357,0.0621,-0.0101,-0.2169,0.186,0.2243,-0.1002,0.1131,-0.0444,0.0737,-0.0516,0.0328,0.0182,0.0384,-0.6545,0.8748,0.323,0.4854,-0.0092,0.0295,0.0025,0.0118,-0.0252,0.1022,-0.1765,-0.1418,-0.1583,0.1138,0.0303,0.2034,-0.0606,0.0264,0.0049,0.0023,-0.0358,0.0302,0.0312,0.0615,0.0608,-0.0007,-0.0126,-0.0121,0.0036,0.0024,0.0105,-0.0008,-0.3286,0.2791,-0.1408,0.25,-0.0752,0.553,-0.4314,0.3828,0.2122,1.4256,-0.7794,0.6583,-4.1257,4.2377,-8.3633,7,7,0,0.1531,1.0,1.0,0.0,5,6,0.0,0.0,0.0,0.0,0.0
401868143,North Alabama,Eastern Kentucky,1168.19,1173.3316,39.8585,21.9985,23.9763,-1.9777,45.9748,-0.0446,-0.0309,0.227,0.0127,-0.105,-0.1339,-0.0927,0.0288,0.0476,0.0152,-0.7333,-1.0283,-0.9989,-0.1323,0.0231,-0.1039,0.007,-0.0265,0.0151,-0.0361,-0.0254,-0.2771,0.3102,-0.7598,0.0546,-0.0029,0.0109,-0.0251,0.0015,-0.1278,0.0049,-0.132,-0.1042,-0.2278,0.0462,-0.0109,0.1291,-0.0615,0.0131,-0.0374,-0.0555,0.0182,0.0218,-0.0303,0.0021,0.0168,-0.0218,0.0019,0.0109,0.0082,-0.007,-0.0021,-0.002,-0.7091,0.4834,-0.5643,-0.1051,-0.5347,0.2751,0.0796,-0.1389,-3.4507,0.649,-1.873,1.2278,-12.5323,1.2457,-13.778,14,7,7,0.3214,1.0,1.0,0.0,4,5,0.0,1.0,0.0,0.0,0.0
401868173,Gardner-Webb,Charleston Southern,1171.881,1211.617,5.264,22.7039,22.6523,0.0516,45.3562,-0.1937,-0.0361,-0.3036,0.0134,-0.1559,-0.206,0.0114,-0.0844,0.0983,0.0124,-0.2619,-0.0352,1.301,-0.1519,-0.0185,-0.0271,-0.0874,-0.0493,-0.0108,-0.0242,-0.0217,-0.7708,-0.2898,-0.1119,0.0655,-0.0127,-0.0074,-0.0073,0.0114,-0.146,-0.0751,-0.055,-0.14,-0.1506,0.059,-0.0136,-0.0101,-0.0132,-0.0089,-0.0287,-0.0129,-0.0957,-0.023,-0.0163,-0.028,0.0601,-0.0107,-0.0092,0.0183,0.0029,-0.0037,-0.0026,0.0033,-0.4825,-0.1485,-0.0688,0.0033,-0.9765,-0.2596,-0.727,-0.0453,-0.5482,-0.1049,0.0571,1.8015,12.2932,16.6583,-4.3651,13,7,6,0.1282,1.0,1.0,0.0,4,5,0.0,1.0,0.0,0.0,0.0
401868309,Incarnate Word,Stephen F. Austin,1498.7233,1214.2929,329.4304,42.3309,18.6863,23.6447,61.0172,0.0384,0.0226,-0.0092,-0.0214,-0.0382,0.1768,0.0118,0.0449,-0.0324,-0.0096,1.1139,1.0594,5.8918,0.0579,-0.1167,0.1606,0.0245,0.0172,-0.0256,0.0032,-0.017,0.7133,-0.5388,1.2064,-0.0549,0.0148,0.0059,0.0199,-0.0105,-0.0155,-0.1612,0.0788,-0.1051,0.1271,-0.0936,0.1627,0.1188,0.0124,-0.0212,-0.0125,-0.0343,0.0142,-0.0313,-0.0011,-0.0017,-0.0124,0.0277,-0.0035,0.0042,-0.0006,0.0074,0.0017,0.0001,0.2688,-0.4737,-0.222,0.1493,0.063,-0.3344,-0.1228,0.5392,3.3761,-2.2953,1.2775,1.4979,12.9392,-13.5734,26.5126,7,7,0,1.0,1.0,0.0,0.0,5,4,0.0,1.0,0.0,0.0,0.0
401868391,Tennessee Tech,Western Carolina,1229.0495,1420.2857,-146.2362,28.3869,34.2086,-5.8216,62.5955,-0.3049,-0.0625,-1.1053,-0.0268,-0.1626,-0.5021,-0.0314,-0.0953,0.0209,-0.0031,-0.6715,-0.26,-5.5751,-0.0149,0.1585,0.096,-0.0355,-0.015,0.0422,0.0005,-0.0047,-0.1544,0.8539,-0.028,-0.125,-0.0076,0.0214,-0.0057,-0.0035,0.0415,0.2147,0.058,0.0686,-0.0777,0.1209,0.1088,-0.1947,-0.0229,0.034,-0.0058,0.0197,-0.008,0.047,0.0005,-0.0398,0.0146,-0.0084,0.0087,0.0066,-0.0048,0.0022,-0.0024,0.0016,0.188,0.7699,0.0565,-0.0331,0.3543,1.1101,-0.2737,0.2221,0.6249,0.7496,3.447,-2.0033,-8.2336,0.6776,-8.9112,7,7,0,1.0,1.0,0.0,0.0,6,4,0.0,1.0,0.0,0.0,0.0
401856711,Arkansas,Texas A&M,1622.4037,1477.4934,189.9103,35.7853,18.0108,17.7745,53.7961,0.1985,0.0614,0.2418,-0.0016,0.2473,0.0928,0.1253,0.0037,0.0174,-0.0063,0.9444,1.0806,4.35,0.1494,-0.1538,0.0691,-0.0356,0.0619,-0.0895,0.0697,-0.0202,0.4999,-0.7295,0.6065,-0.381,0.0136,-0.0138,0.0182,-0.0106,0.1676,-0.216,0.0617,-0.0746,0.1475,-0.064,0.0711,-0.0476,0.0853,-0.1112,0.0502,-0.021,0.0443,-0.0632,0.075,-0.0287,-0.0125,-0.0024,-0.003,0.0246,-0.0056,0.004,-0.0012,0.002,0.8665,-0.8647,0.6236,-0.1632,0.8124,-0.575,0.5408,0.2341,3.5764,-2.4804,0.3183,-1.3885,-14.0694,-0.6317,-13.4377,6,6,0,1.0,1.0,0.0,0.0,4,4,0.0,1.0,1.0,1.0,0.0
401856818,BYU,TCU,1584.0824,1768.744,-139.6616,26.0445,24.2417,1.8028,50.2862,-0.2248,-0.0845,-0.7974,-0.0152,-0.2769,-0.1968,-0.0799,-0.0893,-0.0129,0.02,-0.1786,-0.3535,0.3605,0.1278,-0.1656,0.2987,-0.2195,0.0595,-0.0619,0.1268,-0.0791,1.0907,-0.9991,1.6021,-1.2851,0.0172,-0.0332,0.0385,-0.027,-0.0306,-0.2364,0.3285,-0.1543,0.2856,-0.0957,0.2983,-0.2797,0.052,-0.0897,0.1338,-0.0878,0.0739,-0.0305,0.1251,-0.0687,-0.0161,0.0215,-0.0275,-0.0029,0.0031,0.0007,-0.009,0.0087,0.6534,-1.0193,1.06,-0.7913,0.3065,-0.5908,0.9206,-0.3302,2.6654,-3.2812,2.4736,-3.1126,8.1154,9.6974,-1.582,7,13,-6,1.0,1.0,0.0,0.0,4,3,0.0,1.0,1.0,1.0,0.0
401862788,UTSA,Rice,1339.1276,1628.7082,-244.5806,25.7607,33.071,-7.3103,58.8317,-0.2575,-0.0787,-1.3213,-0.043,-0.2108,-0.3326,-0.1068,-0.1121,0.0269,0.0138,-0.7788,-0.447,-6.4714,0.0162,0.0002,0.1746,-0.0989,0.0125,-0.0191,0.0684,-0.042,0.0309,-0.2509,0.8386,-0.7646,-0.0013,0.0028,0.0055,-0.0334,0.0806,0.0367,0.2466,-0.0081,-0.0994,-0.0746,0.1198,-0.1879,0.03,-0.0068,0.1052,-0.0384,-0.0517,-0.028,0.0399,-0.0486,0.0018,0.0015,-0.0311,-0.0045,0.005,-0.0027,-0.0068,-0.0007,0.2668,-0.2878,0.777,-0.5564,0.1778,-0.2018,0.5858,-0.2408,-1.8365,-0.0697,2.5777,-2.1269,-4.4659,-0.3209,-4.145,6,7,-1,1.0,1.0,0.0,0.0,4,4,0.0,1.0,1.0,1.0,0.0
401867688,Chicago State,Tarleton State,1496.8748,984.9189,556.9558,49.5238,16.2463,33.2775,65.7701,0.3612,0.1186,2.4121,0.0447,0.3112,0.4003,0.1293,0.0993,-0.008,-0.0119,1.6174,1.1514,6.9361,0.155,0.0114,-0.1065,0.1111,0.0357,0.0164,-0.0604,0.039,1.0869,0.5353,-0.8168,1.0437,0.0077,0.0188,-0.0215,0.0344,0.0624,-0.0601,-0.1026,0.0861,0.2443,0.0949,-0.1223,0.1287,0.004,0.0127,-0.0914,0.0467,0.0687,0.0305,-0.0361,0.025,-0.0133,-0.0167,-0.0027,-0.014,-0.0044,0.0013,0.0036,-0.0026,0.3319,0.1126,-0.7705,0.6276,0.2951,-0.1211,-0.0227,0.7125,0.2799,-2.4277,-0.87,3.3586,1.5489,3.136,-1.5871,14,7,7,1.0,1.0,0.0,0.0,4,5,0.0,0.0,0.0,0.0,0.0
401867840,Colgate,Harvard,1414.2436,1312.4091,146.8345,22.6247,18.6317,3.993,41.2563,0.0972,-0.0258,-0.1003,0.0221,0.108,-0.0285,-0.049,0.0007,-0.0016,-0.0097,-0.0959,-0.0333,-3.1137,-0.0235,-0.1034,-0.0391,-0.0218,-0.017,0.0101,-0.002,-0.0008,-0.5636,-0.2205,-0.3653,-0.1226,-0.0159,-0.0132,-0.0192,0.0055,-0.0051,-0.0574,-0.0307,0.0251,-0.0693,-0.1357,0.0226,-0.0723,-0.0202,0.0248,0.0183,0.0144,-0.017,-0.0009,-0.0222,-0.0053,-0.0011,0.0015,-0.0057,-0.0046,-0.0002,0.0102,0.0015,0.0023,-0.1582,-0.1409,-0.1601,-0.2386,-0.1182,-0.2976,-0.2549,-0.4677,0.9192,0.8592,2.3706,-0.8032,14.9373,4.9335,10.0037,8,7,1,1.0,1.0,0.0,0.0,2,5,0.0,0.0,0.0,0.0,0.0
401867848,South Dakota State,Illinois State,1453.9224,1399.774,99.1484,32.2911,26.0532,6.2379,58.3444,-0.1718,-0.038,-0.9786,-0.0234,-0.3884,0.0053,-0.0762,0.0154,0.0059,0.0106,0.0615,0.6973,-2.4395,0.085,0.0143,0.0998,-0.1427,0.0277,0.0073,0.0238,-0.0346,-0.0802,-0.1657,0.5808,-0.4833,-0.0021,-0.0197,0.0212,-0.0199,0.0709,-0.0033,0.1907,-0.272,0.1284,0.0501,0.0244,-0.0486,0.0345,0.0072,0.0437,-0.0597,0.03,0.0059,-0.0072,-0.0159,-0.0023,-0.0043,-0.0081,-0.0043,-0.0015,0.0024,-0.006,0.0085,0.4869,-0.1673,0.2232,-0.3696,0.503,-0.0355,-0.2356,-0.0769,0.7344,-3.1253,3.5752,-2.724,-3.6922,1.4367,-5.1289,7,7,0,0.7864,0.1982,0.0,1.0,5,5,0.0,1.0,0.0,0.0,0.0
401868248,UT Rio Grande Valley,East Texas A&M,1043.0342,1286.5287,-198.4945,23.1444,26.8333,-3.6889,49.9776,-0.0932,0.0045,-0.2589,-0.0038,0.0113,-0.187,-0.0301,0.0532,0.0194,0.0123,-0.6176,-0.9976,-1.3271,-0.1168,-0.0118,-0.0403,-0.0285,-0.0096,0.0129,-0.0037,0.0233,-0.0097,-0.1167,0.142,-0.2239,0.0007,-0.0104,-0.0016,-0.0166,-0.0574,-0.0013,-0.0841,-0.0167,-0.1815,-0.0082,-0.0155,-0.0293,-0.0016,0.057,-0.0078,0.0207,-0.0127,-0.0393,0.0042,0.0308,0.0105,-0.0106,-0.001,-0.0027,0.0104,-0.006,0.0034,-0.0007,-0.5584,0.1326,-0.1371,-0.0637,-0.6719,-0.0191,-0.1089,-0.4538,-1.8846,3.0132,-2.0559,1.5148,-0.093,-3.092,2.999,7,13,-6,0.6216,0.375,1.0,1.0,5,4,0.0,1.0,0.0,0.0,0.0
401868936,Arkansas-Pine Bluff,Southern,1022.8748,1041.6783,26.1965,35.5258,31.9387,3.5872,67.4645,0.0304,0.0534,-0.0651,-0.0045,-0.203,0.236,-0.0054,0.099,-0.0052,0.0095,-0.1102,0.1177,-4.2204,-0.1314,0.0899,-0.1035,0.1481,-0.063,0.0373,-0.0762,0.0775,-0.9366,0.3862,-0.4166,0.8411,-0.0227,0.0032,-0.0071,0.0143,-0.1376,0.1211,-0.0976,-0.0418,-0.0856,0.0894,-0.1226,0.2884,-0.0722,0.0652,-0.0904,0.0416,-0.0514,0.0125,-0.0596,0.1033,-0.0053,-0.0067,0.0004,-0.0062,0.0051,-0.0064,-0.0005,-0.0025,-0.5156,0.6392,-0.3544,0.6901,-0.1064,0.5645,0.1327,0.9213,-2.6474,3.8873,-0.9866,1.3277,-5.351,-3.7093,-1.6417,7,14,-7,1.0,1.0,0.0,0.0,5,4,0.0,1.0,0.0,0.0,0.0
401869131,Northwestern State,Lamar,1319.1039,820.8975,543.2064,46.3254,7.5416,38.7839,53.867,0.5339,0.162,2.8272,0.065,0.7007,0.4567,0.1656,0.1631,-0.0399,-0.0113,1.9285,1.5208,8.7943,0.0131,-0.035,-0.1923,0.2935,-0.0177,-0.0151,-0.0742,0.0903,-0.2988,-0.3312,-1.1196,1.6752,-0.0104,0.004,-0.0293,0.0502,0.0002,-0.0381,-0.2788,0.3836,0.116,-0.0244,-0.1153,0.201,-0.032,0.0006,-0.069,0.1292,0.0095,-0.0301,-0.0796,0.0439,0.0054,-0.0042,0.0267,-0.0228,-0.001,-0.0036,0.006,-0.008,-0.3689,-0.1528,-0.8989,1.2457,-0.6474,-0.0107,-1.2666,0.8909,0.6565,-0.15,-2.4331,5.5546,9.0795,-0.4855,9.565,7,7,0,1.0,0.6541,0.0,0.0,4,5,0.0,1.0,0.0,0.0,0.0
401869151,Nicholls,Houston Christian,1056.196,1092.8911,8.3049,39.2156,19.8717,19.3439,59.0873,0.0546,0.0303,1.8717,0.0587,0.0987,0.1297,0.0559,0.0393,-0.0005,0.0064,0.6326,0.6043,3.5667,-0.0966,0.0364,-0.0901,0.0975,-0.0341,0.0451,-0.0574,0.0521,0.3167,-0.0702,-0.801,0.6838,0.0237,-0.0084,-0.0155,0.011,0.0492,0.0705,-0.0647,0.0554,-0.1977,0.0059,-0.1321,0.2012,-0.0163,0.0714,-0.0596,0.0841,-0.0408,0.0074,-0.0548,0.0328,-0.0041,-0.0099,-0.0239,-0.0302,0.0001,0.0031,-0.0036,0.0059,-0.3689,0.1223,-0.5144,0.6094,-0.3226,0.0666,-0.5368,0.4566,0.7968,1.6154,-1.3336,3.0516,11.2926,-18.4742,29.7668,6,7,-1,1.0,1.0,0.0,0.0,5,5,0.0,1.0,0.0,0.0,0.0
401869942,Georgia Southern,Coastal Carolina,1325.7138,1422.5355,-51.8217,27.0629,24.0587,3.0042,51.1216,-0.0784,-0.0785,-0.86,0.0178,-0.0082,-0.1817,-0.0292,-0.1304,0.0178,-0.0058,-0.2407,0.1268,1.5031,0.0966,-0.0627,0.1308,-0.1069,0.0045,-0.0035,0.051,-0.0355,0.352,-0.1553,0.4833,-0.884,0.0206,-0.0165,0.0009,-0.0183,0.1375,-0.0907,0.0773,-0.1591,0.0435,0.0393,0.162,-0.0239,0.0445,-0.0156,0.0567,-0.0326,-0.0334,0.0185,0.0479,-0.0307,0.0064,0.0042,-0.0101,0.0054,-0.0053,0.0016,-0.0039,-0.0028,0.1543,-0.3773,0.5199,-0.2524,0.3453,-0.6065,0.5882,-0.2368,0.3421,-1.1373,-1.1018,-1.078,-5.6589,-2.5339,-3.125,8,7,1,1.0,1.0,0.0,0.0,4,4,0.0,1.0,1.0,1.0,0.0
401871089,UL Monroe,South Alabama,1441.3122,1174.648,311.6643,42.052,20.2087,21.8433,62.2607,0.1473,0.0561,-0.173,-0.0006,0.0172,0.3015,0.0493,0.0581,-0.0175,-0.0132,0.5573,0.163,3.059,0.1116,0.0019,0.0167,0.0543,0.0277,-0.0079,-0.0038,0.0168,0.3635,0.2917,0.0863,-0.1584,0.0059,0.0044,0.0061,0.0041,0.1308,0.0822,0.0782,0.0467,0.1506,-0.0708,-0.0419,0.0383,0.0325,-0.0156,0.0143,0.0155,0.0265,-0.0036,-0.0165,0.0115,-0.024,-0.0033,-0.0003,0.0029,-0.0068,0.0048,-0.0042,-0.0058,0.624,0.0009,0.0079,-0.0578,0.5697,0.2101,-0.0485,-0.245,1.5923,-0.6308,-1.6737,-0.8378,0.0047,-12.346,12.3507,7,6,1,0.5164,0.5114,0.0,1.0,4,4,0.0,1.0,1.0,1.0,0.0
401856821,Texas Tech,Colorado,1394.6365,1800.8153,-361.1787,20.298,28.3557,-8.0577,48.6537,-0.236,-0.0961,-0.3238,-0.0285,-0.1157,-0.3814,-0.1583,-0.0767,0.0291,0.015,-0.9406,-1.3734,-4.7149,0.0676,-0.104,0.1857,-0.222,0.0298,-0.0667,0.0952,-0.0974,0.7065,-1.1943,0.9256,-1.299,0.0206,-0.0209,0.0302,-0.0398,-0.0024,-0.1731,0.2016,-0.0847,0.1625,0.0267,0.1835,-0.3337,0.0311,-0.0615,0.1158,-0.1351,0.0281,-0.0499,0.0826,-0.0722,0.0084,0.0135,-0.0202,0.014,0.0014,-0.0001,-0.0054,0.0081,0.1802,-0.7941,0.6855,-1.2295,0.1028,-0.6943,0.7082,-1.4623,-0.2418,-0.8262,2.4487,-2.8505,-7.1451,1.7999,-8.945,7,7,0,0.2404,1.0,1.0,0.0,4,4,0.0,1.0,1.0,1.0,0.0
401858249,Miami,Clemson,1645.2306,1880.7439,-190.5133,19.5027,33.062,-13.5593,52.5648,-0.3153,-0.169,-2.1538,-0.0515,-0.3668,-0.2405,-0.2132,-0.1493,0.0356,0.0147,-1.5039,-0.2061,-1.334,0.014,-0.2115,0.3359,-0.2049,0.0108,-0.0716,0.1656,-0.0857,0.5697,-1.3371,2.3387,-1.722,0.0138,-0.0226,0.0444,-0.0435,0.0303,-0.055,0.2574,-0.1947,-0.0086,-0.3534,0.4187,-0.1666,-0.0064,-0.0379,0.1364,-0.1083,0.0215,-0.0995,0.1914,-0.0789,-0.0071,0.009,-0.0332,0.0185,0.0032,0.002,-0.009,0.0045,0.3975,-0.9455,1.5664,-1.2805,0.783,-1.4657,1.3538,-1.1011,1.0985,-4.6253,1.8457,-5.2121,6.9942,7.1253,-0.1312,7,7,0,0.8298,1.0,0.0,0.0,4,4,0.0,1.0,1.0,1.0,0.0
401858478,Washington,USC,1688.5308,1674.214,59.3167,36.3309,22.4104,13.9204,58.7413,0.016,0.0587,0.8684,0.0231,-0.0747,0.1442,0.0284,0.087,-0.0193,0.0077,0.5637,0.2103,3.0295,0.205,-0.1166,0.1274,-0.1782,0.1259,-0.0501,0.0593,-0.058,1.7572,-0.7649,0.8038,-0.85,0.0453,-0.0299,0.0293,-0.0228,0.0097,-0.1118,0.0534,-0.1428,0.4118,-0.1054,0.185,-0.1881,0.0798,-0.0595,0.0401,-0.0708,0.1741,-0.0299,0.0734,-0.0436,-0.0327,-0.0031,0.004,0.0143,-0.005,-0.0016,-0.0029,0.0082,1.5514,-0.2883,0.5975,-0.6785,1.2114,0.0036,0.5294,-0.468,1.9716,-5.103,2.3531,-1.692,-8.3852,-13.5558,5.1706,7,6,1,1.0,1.0,0.0,0.0,5,4,0.0,1.0,1.0,1.0,0.0
401860898,Utah State,Boise State,1705.7976,1424.5353,326.2623,32.743,11.7888,20.9542,44.5318,0.1132,0.1208,-0.0201,-0.0218,0.2229,0.054,0.1571,0.084,-0.0413,-0.0081,0.887,0.9617,-2.8417,0.1673,-0.1841,0.0582,-0.18,0.0827,-0.095,0.0163,-0.0405,0.9571,-0.4066,0.5444,-0.8394,0.0169,-0.0099,0.0148,-0.0338,0.1767,-0.2247,0.0661,-0.1123,0.1752,-0.1983,0.0553,-0.2642,0.0984,-0.1074,0.0126,-0.0361,0.0605,-0.088,0.0229,-0.0417,-0.0257,0.0111,0.0056,0.0011,-0.0061,0.0023,0.0014,0.0018,0.8004,-0.8147,0.04,-0.6881,0.6029,-0.8384,-0.2774,-0.757,-0.157,-1.6052,1.8098,-2.4801,8.9075,7.9818,0.9257,7,7,0,1.0,0.7391,0.0,0.0,4,4,0.0,1.0,1.0,1.0,0.0
401862792,Temple,South Florida,1667.0915,1394.6023,317.4893,35.6471,20.3992,15.2479,56.0463,0.1003,0.0697,0.49,0.02,0.2507,-0.1148,0.0833,0.0349,-0.0094,0.0014,0.9506,1.5094,2.8897,0.1922,-0.0797,0.1328,-0.0387,0.0899,-0.026,0.0484,0.0022,0.7603,-0.6649,0.732,-0.2032,0.0145,-0.0235,0.0191,0.0011,0.2108,-0.1571,0.1255,0.0083,0.1869,0.0663,0.1643,-0.0711,0.1001,-0.0499,0.0655,-0.0012,0.0739,0.0071,0.0262,-0.0058,0.0065,0.0108,-0.0019,-0.007,-0.0052,0.0021,-0.0073,0.0014,0.8383,-0.7887,0.5335,-0.1429,1.3076,-0.5758,0.4109,0.037,1.4206,-3.0413,-0.8889,-2.461,0.4434,0.4401,0.0033,7,8,-1,1.0,0.7647,0.0,0.0,4,4,0.0,1.0,1.0,1.0,0.0
401869842,Army,Louisiana Tech,1436.5002,1587.1361,-105.6359,27.928,26.526,1.402,54.454,-0.0377,0.0,0.3718,0.0203,-0.1578,-0.1195,0.0265,0.0055,-0.0095,-0.0034,-0.7744,-1.4976,-2.8585,0.0983,-0.108,0.2079,-0.0361,0.0099,-0.0817,0.0712,-0.0203,0.649,-0.5128,0.4942,-0.2959,0.0259,-0.0118,0.0112,-0.0061,0.0366,-0.0846,0.2634,-0.0157,0.1586,-0.0903,0.3131,-0.0553,0.0153,-0.1041,0.0854,-0.0075,0.0084,-0.0515,0.0236,-0.0308,0.0074,0.0216,-0.0207,-0.0161,0.0,0.005,-0.0044,-0.0028,0.2886,-0.444,0.9434,-0.5635,-0.0615,-0.1427,0.7964,-0.7823,3.0882,-0.0794,1.7039,-4.3222,5.6335,6.0127,-0.3792,14,8,6,0.557,1.0,1.0,0.0,3,3,0.0,0.0,1.0,1.0,0.0
401856706,McNeese,LSU,1722.1642,1138.483,628.6812,47.7709,-0.0543,47.8252,47.7166,0.6468,0.2796,3.8842,0.0853,0.5678,0.7571,0.2986,0.2667,-0.0853,-0.021,2.9158,2.2422,10.5676,0.2095,-0.2936,-0.039,0.1047,0.0816,-0.1335,-0.0383,0.0262,1.3207,-2.0848,0.0012,0.48,0.0369,-0.0392,0.0092,0.0184,0.1634,-0.2486,0.0465,0.2023,0.2408,-0.327,-0.1405,0.0487,0.0674,-0.1571,-0.0319,0.0422,0.0923,-0.1215,-0.0421,0.0108,-0.0123,0.0645,0.0,-0.0085,0.0014,0.0097,0.0053,-0.0074,1.0262,-1.1468,-0.3843,0.3584,0.9869,-0.823,0.0813,0.5137,3.9265,-4.2113,-4.3396,-1.9097,10.0425,-3.8011,13.8436,7,7,0,1.0,0.1942,0.0,1.0,4,5,0.0,0.0,1.0,0.0,0.0
401858477,Indiana,Rutgers,1373.7417,1967.6246,-548.8829,20.7649,38.5356,-17.7707,59.3005,-0.3362,-0.1245,-2.3754,-0.0813,-0.2434,-0.557,-0.1627,-0.1082,0.0187,0.0152,-1.7119,-2.3144,-4.9882,0.0979,-0.0075,0.3056,-0.136,0.0787,0.0087,0.0971,-0.0973,1.064,0.4045,1.5083,-1.5267,0.0235,0.02,0.0474,-0.0374,0.0765,0.0083,0.1729,-0.1387,0.1223,-0.013,0.5378,-0.1545,0.0778,0.0277,0.0615,-0.1513,0.0835,-0.0109,0.1482,-0.0545,-0.0051,-0.0027,-0.0075,0.0136,0.0061,0.0028,-0.0089,0.0029,0.8543,0.0498,1.3747,-1.1416,0.3292,-0.3103,1.3506,-1.6033,1.7818,-1.3561,3.6834,-4.4427,9.0943,-9.8494,18.9437,8,8,0,0.7523,1.0,0.0,0.0,4,4,0.0,1.0,1.0,1.0,0.0
401868053,West Florida,Abilene Christian,1213.5778,1124.7577,133.82,28.1602,22.8105,5.3497,50.9707,-0.0068,0.0299,0.5358,0.0397,0.1828,-0.2517,0.0174,0.044,0.034,0.0152,-0.1505,-0.572,-3.5062,0.0052,0.0278,-0.1193,-0.1035,0.0155,0.0133,-0.0308,-0.0033,-0.1133,-0.0578,-0.3838,0.2076,-0.0032,-0.0149,-0.0098,0.0182,0.0343,0.002,-0.1848,-0.0343,-0.0459,0.0544,-0.005,-0.1565,0.0023,0.0195,-0.0228,0.0118,0.0195,0.0023,-0.0459,-0.0191,0.0051,-0.0174,-0.001,0.0104,0.0021,-0.0041,0.0038,0.0128,-0.2053,0.3198,-0.2852,0.0894,-0.352,0.4094,-0.2236,-0.0342,-1.4811,-1.6932,2.8375,-0.8808,-13.897,5.1902,-19.0872,7,7,0,0.3403,0.4286,0.0,1.0,5,4,0.0,1.0,0.0,0.0,0.0
401868077,Weber State,Cal Poly,1168.9822,1129.6107,84.3715,38.2383,30.1036,8.1348,68.3419,0.0733,-0.0109,0.8478,0.0336,-0.037,0.1151,-0.0566,0.0279,0.0028,-0.0037,0.0981,-0.5285,4.3059,-0.0427,0.0522,-0.0883,0.08,0.001,0.0543,-0.0287,0.0138,-0.0103,0.4471,-0.3572,0.948,0.0105,-0.0052,0.0043,0.0223,-0.1015,-0.0014,-0.017,0.0461,0.0228,0.1412,-0.1624,0.0711,0.0022,0.0631,0.0068,0.0112,0.0077,0.0572,-0.0555,0.0219,-0.0075,-0.0048,-0.0139,-0.0083,0.0019,-0.0033,0.0041,-0.0047,-0.364,0.387,-0.1398,0.7093,-0.7626,0.3598,0.0227,0.6167,0.3038,-1.1855,0.0683,2.8849,5.9789,-8.0815,14.0604,7,7,0,1.0,0.8788,0.0,0.0,5,5,0.0,1.0,0.0,0.0,0.0
401868104,Northern Arizona,Idaho State,1414.2348,1293.8821,165.3527,35.451,20.8179,14.633,56.2689,0.0651,0.0661,1.1004,0.0331,-0.1092,0.1764,0.084,0.0725,-0.0487,-0.0024,0.3563,0.3847,1.6889,0.0095,-0.0025,-0.0288,0.0242,0.0037,0.0031,-0.0011,0.0644,-0.0308,-0.3308,-0.0726,0.7278,-0.0073,-0.0091,0.0019,0.0332,-0.0455,0.0779,0.0189,0.0331,0.0092,-0.0914,-0.0529,0.0229,0.0177,0.0234,-0.0057,0.084,-0.008,-0.029,-0.0008,0.0506,-0.0145,0.0197,-0.0025,-0.017,-0.0026,0.0057,0.0006,0.0064,0.0879,-0.1517,-0.2479,-0.1313,-0.1814,-0.4229,-0.2876,-0.1444,1.014,-1.4126,-0.7186,-1.4563,14.8185,6.0896,8.7289,7,6,1,1.0,1.0,0.0,0.0,4,5,0.0,1.0,0.0,0.0,0.0
401868160,Southern Utah,Utah Tech,958.2695,1248.2156,-244.9461,24.313,33.9203,-9.6073,58.2333,-0.2573,-0.1029,-1.5712,-0.0632,-0.158,-0.3537,-0.0304,-0.1832,0.0062,0.008,-1.2472,-1.6189,-5.5172,-0.2091,0.1159,-0.0433,0.0244,-0.0643,0.0453,0.0073,0.0141,-1.277,0.644,0.5067,0.8565,-0.0473,0.0287,0.0148,0.0276,-0.0682,0.1336,-0.0265,0.0173,-0.3333,0.1015,-0.044,0.0371,-0.02,0.054,-0.0038,0.0398,-0.1052,0.0428,0.031,-0.0042,-0.0065,-0.0113,-0.0059,-0.0043,0.0066,-0.003,0.0045,0.0029,-0.8353,0.6921,-0.0223,0.2578,-1.0048,0.7446,-0.0558,0.0746,-1.9034,2.7191,0.0279,-0.8668,-0.5867,-2.9149,2.3282,7,7,0,1.0,1.0,0.0,0.0,5,5,0.0,1.0,0.0,0.0,0.0
401869932,Arkansas State,Louisiana,1509.6763,1459.2404,95.4359,30.7659,19.5683,11.1976,50.3342,0.1163,-0.0185,1.2105,0.0345,0.1329,0.157,-0.0236,-0.014,0.0002,-0.0026,1.0162,1.9508,1.9206,0.0435,-0.1956,0.0587,-0.0641,0.0098,-0.0303,0.0596,0.001,0.2739,-1.1385,0.4271,0.2252,0.0035,-0.0336,0.0026,0.0,0.0594,-0.257,0.0576,-0.1258,0.051,-0.1736,0.0562,-0.0115,0.0219,-0.0155,0.0568,-0.0042,-0.0007,-0.0403,0.0622,0.0086,-0.0142,0.0005,-0.0119,0.003,-0.0017,0.0067,-0.0004,0.0054,0.6998,-0.8313,0.2548,-0.2601,0.7875,-0.8418,-0.0995,0.222,3.0667,-3.3006,1.6678,-2.779,7.0346,-0.3277,7.3622,7,7,0,1.0,1.0,0.0,0.0,4,4,0.0,1.0,1.0,1.0,0.0
401860921,Fresno State,Washington State,1475.447,1587.7735,-67.3265,22.8072,19.5541,3.253,42.3613,-0.0518,0.0421,0.1491,-0.0188,0.0198,-0.109,0.0317,0.0622,0.031,0.0149,-0.4118,-0.1434,-8.5266,0.0283,-0.0687,0.0243,-0.1244,0.0311,-0.0415,0.0132,-0.0172,0.4184,-0.5619,0.4042,-0.4271,0.0041,-0.0127,0.01,-0.0255,0.0471,0.0284,-0.0811,-0.0799,-0.0142,-0.1665,0.1436,-0.1177,0.0118,-0.0223,-0.0258,-0.0282,0.0505,-0.0616,0.0546,0.0048,-0.001,0.0017,-0.0203,0.0133,0.0037,0.0001,-0.0049,0.0064,0.0904,-0.5822,0.2858,-0.7985,-0.1749,-0.7217,-0.3592,-1.0495,-0.8303,-1.2297,4.0053,-4.9207,-7.4461,15.5337,-22.9798,7,6,1,1.0,1.0,0.0,0.0,4,4,0.0,1.0,1.0,1.0,0.0
401856817,Baylor,Arizona State,1591.7615,1565.8812,70.8803,30.7441,23.0698,7.6743,53.8139,0.0696,0.0191,0.7703,0.0317,0.0231,0.0868,-0.0872,0.0835,-0.0129,0.0024,0.18,-0.3748,-2.7688,0.1017,-0.1999,0.0656,-0.1663,0.0697,-0.0684,0.053,-0.0659,1.3617,-1.234,0.5833,-1.2421,0.0438,-0.0399,0.0168,-0.0352,0.0876,-0.1514,0.0298,-0.1862,0.0945,-0.2362,0.0851,-0.1588,0.0697,-0.0354,0.1014,-0.0909,0.0589,-0.0845,0.0184,-0.0415,-0.0223,0.0187,-0.0225,0.0056,0.0013,0.0015,0.0004,0.0029,0.4021,-0.9266,0.5344,-0.6142,-0.0624,-0.321,0.476,-0.1574,2.2864,-1.0452,4.6073,-1.4931,5.308,4.1987,1.1092,14,7,7,1.0,0.6078,0.0,1.0,3,4,0.0,1.0,1.0,1.0,0.0
401860900,Texas State,San Diego State,1432.4598,1595.7207,-118.2608,29.0804,26.5028,2.5775,55.5832,-0.1064,-0.0736,-1.8128,-0.0266,-0.1296,-0.2982,-0.1043,-0.0909,0.0129,0.006,-0.2625,0.634,1.4098,-0.0324,-0.1553,0.1756,-0.0538,0.0019,-0.0343,0.0905,-0.0193,0.1518,-0.7453,2.0932,-0.6167,-0.0088,-0.0352,0.0378,-0.0151,0.0721,-0.1697,0.1127,-0.2586,-0.1432,-0.0988,0.3083,0.0545,0.0093,-0.0369,0.0706,-0.08,-0.0209,-0.0264,0.1131,0.0167,-0.0084,0.0071,-0.0341,-0.0056,0.0032,-0.0007,-0.0042,-0.0022,-0.0036,-0.7581,1.0392,0.0223,0.4949,-0.6768,0.361,-0.1768,1.4574,-1.25,-0.5634,-1.861,-9.1047,16.1073,-25.2121,7,7,0,1.0,1.0,0.0,0.0,4,4,0.0,1.0,1.0,1.0,0.0
401868086,Eastern Washington,UC Davis,1351.5678,1123.7206,272.8471,34.8587,26.6537,8.205,61.5123,-0.0098,0.0397,1.0636,0.0134,0.3323,-0.2998,0.039,0.0486,-0.0206,0.001,0.2155,-0.2597,1.6384,-0.0241,0.1023,-0.0753,0.0412,0.0126,0.0266,-0.0224,0.0312,0.1823,0.6347,-0.8155,0.7005,0.005,0.0213,-0.0173,0.0125,0.142,0.0063,-0.0903,0.1064,-0.1794,0.1329,-0.0601,-0.0476,0.0133,0.0231,-0.0293,0.0195,0.0134,0.025,-0.0198,0.0403,-0.0013,-0.005,0.0177,-0.0067,-0.001,-0.003,0.0011,0.0,-0.0704,0.2625,-0.143,0.4055,-0.0151,0.1871,0.2534,0.1959,0.2819,-0.124,-0.291,0.9415,-21.6362,-4.4268,-17.2094,7,7,0,1.0,1.0,0.0,0.0,5,5,0.0,1.0,0.0,0.0,0.0
401856820,Cincinnati,Arizona,1679.2286,1608.3808,115.8478,32.8932,24.804,8.0892,57.6972,0.0481,0.0828,0.4452,0.0186,-0.0632,0.1109,0.1153,0.0606,0.0131,-0.0011,-0.1343,-0.0477,-1.2171,0.1928,-0.1259,0.2314,-0.0392,0.0896,-0.0806,0.0798,-0.0076,1.0749,-1.2718,1.4432,-0.4583,0.0279,-0.0374,0.0309,-0.0157,0.0934,-0.0631,0.2106,-0.009,0.2436,-0.1728,0.2624,-0.0431,0.0768,-0.0861,0.0773,0.0297,0.0978,-0.0819,0.0859,-0.0332,0.0094,0.0115,-0.0229,-0.0077,-0.0034,-0.0014,-0.0042,-0.0034,0.7123,-0.7449,1.0025,-0.5889,0.4672,-0.8523,0.8984,-0.4689,1.542,-2.9408,1.5987,-4.1012,4.3017,2.1454,2.1563,7,7,0,1.0,1.0,0.0,0.0,4,4,0.0,1.0,1.0,1.0,0.0
401864513,San José State,Hawai'i,1391.9601,1339.454,97.5062,28.2829,21.5203,6.7626,49.8032,0.0674,-0.013,-1.1193,-0.0509,0.0351,0.1008,0.0225,-0.0232,0.0205,-0.0053,0.2131,0.6144,2.4099,0.0586,-0.0371,-0.0109,-0.0392,0.0182,0.0023,0.0061,-0.0228,0.0216,-0.0876,0.4301,-0.7984,-0.0042,0.0021,0.0161,-0.0285,0.0291,0.0339,-0.0214,0.0184,0.0593,-0.1163,-0.0167,-0.0915,0.032,0.0145,-0.0041,0.0007,0.0157,-0.0065,0.0119,-0.0336,-0.0068,0.0033,-0.03,0.0005,-0.0025,-0.0003,0.0004,-0.0028,0.1711,-0.2306,-0.0525,-0.2412,0.4504,0.0711,-0.2389,-0.0038,-0.4487,-2.9836,0.0479,-0.0771,-7.7645,-11.4166,3.6521,7,14,-7,1.0,1.0,0.0,0.0,4,4,0.0,1.0,1.0,1.0,0.0
