event_id,kickoff_et,date_utc,away,home,venue,venue_city,venue_state,indoor,neutral,away_conf,home_conf,conference,conf_game,away_record,home_record,away_rank,home_rank,status,state,status_at_freeze,predicted,wx_condition,wx_temp_f,wx_gust_mph,wx_precip_pct,broadcast,market_spread_REFERENCE_ONLY,market_total_REFERENCE_ONLY,data_pulled_utc,freeze_utc
401862787,2026-10-03 11:00 AM ET,2026-10-03T15:00Z,Memphis,Charlotte,Jerry Richardson Stadium,Charlotte,NC,False,False,American,American,American,True,4-1,0-5,99,99,STATUS_FINAL,post,Final at collection (excluded),False,,,,,ESPN+,,,2026-10-03T20:20:09+00:00,2026-10-03T20:35:20.283773+00:00
401856707,2026-10-03 12:00 PM ET,2026-10-03T16:00Z,Alabama,Mississippi State,Davis Wade Stadium,Starkville,MS,False,False,Southeastern,Southeastern,Southeastern,True,5-0,4-1,7,16,STATUS_FINAL,post,Final at collection (excluded),False,,,,,ABC,,,2026-10-03T20:20:09+00:00,2026-10-03T20:35:20.283773+00:00
401856807,2026-10-03 12:00 PM ET,2026-10-03T16:00Z,Middle Tennessee,Kansas,David Booth Kansas Memorial Stadium,Lawrence,KS,False,False,,Big 12,? vs Big 12,False,2-3,2-2,99,99,STATUS_FINAL,post,Final at collection (excluded),False,,,,,ESPNU,,,2026-10-03T20:20:09+00:00,2026-10-03T20:35:20.283773+00:00
401856819,2026-10-03 12:00 PM ET,2026-10-03T16:00Z,UCF,Houston,TDECU Stadium,Houston,TX,False,False,Big 12,Big 12,Big 12,True,3-2,4-1,99,20,STATUS_FINAL,post,Final at collection (excluded),False,,,,,ESPN2,,,2026-10-03T20:20:09+00:00,2026-10-03T20:35:20.283773+00:00
401856822,2026-10-03 12:00 PM ET,2026-10-03T16:00Z,West Virginia,Iowa State,Jack Trice Stadium,Ames,IA,False,False,Big 12,Big 12,Big 12,True,3-2,3-2,99,99,STATUS_FINAL,post,Final at collection (excluded),False,,,,,TNT,,,2026-10-03T20:20:09+00:00,2026-10-03T20:35:20.283773+00:00
401858246,2026-10-03 12:00 PM ET,2026-10-03T16:00Z,Boston College,SMU,Gerald J. Ford Stadium,Dallas,TX,False,False,Atlantic Coast,Atlantic Coast,Atlantic Coast,True,2-3,4-1,99,21,STATUS_FINAL,post,Final at collection (excluded),False,,,,,CW,,,2026-10-03T20:20:09+00:00,2026-10-03T20:35:20.283773+00:00
401858250,2026-10-03 12:00 PM ET,2026-10-03T16:00Z,Notre Dame,North Carolina,Kenan Stadium,Chapel Hill,NC,False,False,,Atlantic Coast,? vs Atlantic Coast,False,5-0,2-2,3,99,STATUS_FINAL,post,Final at collection (excluded),False,,,,,"ESPN, Disney+",,,2026-10-03T20:20:09+00:00,2026-10-03T20:35:20.283773+00:00
401858251,2026-10-03 12:00 PM ET,2026-10-03T16:00Z,Stanford,Wake Forest,Allegacy Federal Credit Union Stadium,Winston-Salem,NC,False,False,Atlantic Coast,Atlantic Coast,Atlantic Coast,True,2-3,4-1,99,99,STATUS_FINAL,post,Final at collection (excluded),False,,,,,ACC Network,,,2026-10-03T20:20:09+00:00,2026-10-03T20:35:20.283773+00:00
401858252,2026-10-03 12:00 PM ET,2026-10-03T16:00Z,Syracuse,UConn,Pratt & Whitney Stadium,East Hartford,CT,False,False,Atlantic Coast,,Atlantic Coast vs ?,False,2-2,2-3,99,99,STATUS_FINAL,post,Final at collection (excluded),False,,,,,CBSSN,,,2026-10-03T20:20:09+00:00,2026-10-03T20:35:20.283773+00:00
401858474,2026-10-03 12:00 PM ET,2026-10-03T16:00Z,Michigan,Minnesota,Huntington Bank Stadium,Minneapolis,MN,False,False,Big Ten,Big Ten,Big Ten,True,3-2,4-1,99,99,STATUS_FINAL,post,Final at collection (excluded),False,,,,,FOX,,,2026-10-03T20:20:09+00:00,2026-10-03T20:35:20.283773+00:00
401862791,2026-10-03 12:00 PM ET,2026-10-03T16:00Z,Navy,Air Force,Falcon Stadium,USAF Academy,CO,False,False,American,Mountain West,American vs Mountain West,False,1-3,3-1,99,99,STATUS_FINAL,post,Final at collection (excluded),False,,,,,CBS,,,2026-10-03T20:20:09+00:00,2026-10-03T20:35:20.283773+00:00
401866654,2026-10-03 12:00 PM ET,2026-10-03T16:00Z,Brown,Rhode Island,Centreville Bank Stadium,Pawtucket,RI,False,False,Ivy League,Coastal Athletic Association,Ivy League vs Coastal Athletic Association,False,1-2,3-3,99,99,STATUS_FINAL,post,Final at collection (excluded),False,,,,,FloSports,,,2026-10-03T20:20:09+00:00,2026-10-03T20:35:20.283773+00:00
401867819,2026-10-03 12:00 PM ET,2026-10-03T16:00Z,Princeton,Columbia,Lawrence A. Wien Stadium,New York,NY,False,False,Ivy League,Ivy League,Ivy League,True,2-1,2-1,99,99,STATUS_FINAL,post,Final at collection (excluded),False,,,,,ESPN+,,,2026-10-03T20:20:09+00:00,2026-10-03T20:35:20.283773+00:00
401867899,2026-10-03 12:00 PM ET,2026-10-03T16:00Z,Wagner,Central Connecticut,Arute Field,New Britain,CT,False,False,Northeast,Northeast,Northeast,True,1-4,1-3,99,99,STATUS_FINAL,post,Final at collection (excluded),False,,,,,,,,2026-10-03T20:20:09+00:00,2026-10-03T20:35:20.283773+00:00
401867910,2026-10-03 12:00 PM ET,2026-10-03T16:00Z,Mercyhurst,Long Island University,Shark Stadium,Brookville,NY,False,False,Northeast,Northeast,Northeast,True,1-5,1-5,99,99,STATUS_FINAL,post,Final at collection (excluded),False,,,,,"ESPN+, NEC Front Row",,,2026-10-03T20:20:09+00:00,2026-10-03T20:35:20.283773+00:00
401868010,2026-10-03 12:00 PM ET,2026-10-03T16:00Z,Fordham,Lehigh,Goodman Stadium,Bethlehem,PA,False,False,Patriot League,Patriot League,Patriot League,True,1-5,6-0,99,99,STATUS_FINAL,post,Final at collection (excluded),False,,,,,ESPN+,,,2026-10-03T20:20:09+00:00,2026-10-03T20:35:20.283773+00:00
401868276,2026-10-03 12:00 PM ET,2026-10-03T16:00Z,St. Thomas,Presbyterian,Bailey Memorial Stadium,Clinton,SC,False,False,,,? vs ?,True,4-2,2-3,99,99,STATUS_FINAL,post,Final at collection (excluded),False,,,,,ESPN+,,,2026-10-03T20:20:09+00:00,2026-10-03T20:35:20.283773+00:00
401870840,2026-10-03 12:00 PM ET,2026-10-03T16:00Z,Merrimack,Yale,Yale Bowl,New Haven,CT,False,False,FCS Independents,Ivy League,FCS Independents vs Ivy League,False,2-4,2-1,99,99,STATUS_FINAL,post,Final at collection (excluded),False,,,,,ESPN+,,,2026-10-03T20:20:09+00:00,2026-10-03T20:35:20.283773+00:00
401858479,2026-10-03 12:30 PM ET,2026-10-03T16:30Z,Michigan State,Wisconsin,Camp Randall Stadium,Madison,WI,False,False,Big Ten,Big Ten,Big Ten,True,2-3,4-1,99,99,STATUS_FINAL,post,Final at collection (excluded),False,,,,,BTN,,,2026-10-03T20:20:09+00:00,2026-10-03T20:35:20.283773+00:00
401867828,2026-10-03 12:30 PM ET,2026-10-03T16:30Z,Cornell,Georgetown,Cooper Field,Washington,DC,False,False,Ivy League,Patriot League,Ivy League vs Patriot League,False,2-1,0-4,99,99,STATUS_FINAL,post,Final at collection (excluded),False,,,,,ESPN+,,,2026-10-03T20:20:09+00:00,2026-10-03T20:35:20.283773+00:00
401868029,2026-10-03 12:30 PM ET,2026-10-03T16:30Z,Richmond,Lafayette,Fisher Stadium,Easton,PA,False,False,Patriot League,Patriot League,Patriot League,True,5-1,1-4,99,99,STATUS_FINAL,post,Final at collection (excluded),False,,,,,ESPN+,,,2026-10-03T20:20:09+00:00,2026-10-03T20:35:20.283773+00:00
401856705,2026-10-03 12:45 PM ET,2026-10-03T16:45Z,Vanderbilt,Georgia,Sanford Stadium,Athens,GA,False,False,Southeastern,Southeastern,Southeastern,True,3-2,5-0,99,2,STATUS_FINAL,post,Final at collection (excluded),False,,,,,SEC Network,,,2026-10-03T20:20:09+00:00,2026-10-03T20:35:20.283773+00:00
401866432,2026-10-03 01:00 PM ET,2026-10-03T17:00Z,Western Michigan,Buffalo,Broadview Stadium,Buffalo,NY,False,False,,,? vs ?,True,3-2,2-3,99,99,STATUS_FINAL,post,Final at collection (excluded),False,,,,,ESPN+,,,2026-10-03T20:20:09+00:00,2026-10-03T20:35:20.283773+00:00
401866650,2026-10-03 01:00 PM ET,2026-10-03T17:00Z,Elon,New Hampshire,Wildcat Stadium (NH),Durham,NH,False,False,Coastal Athletic Association,Coastal Athletic Association,Coastal Athletic Association,True,4-1,1-4,99,99,STATUS_IN_PROGRESS,in,In progress at collection (excluded),False,1,61.0,,,FloSports,,,2026-10-03T20:20:09+00:00,2026-10-03T20:35:20.283773+00:00
401866651,2026-10-03 01:00 PM ET,2026-10-03T17:00Z,Towson,Monmouth,Kessler Stadium,West Long Branch,NJ,False,False,Coastal Athletic Association,Coastal Athletic Association,Coastal Athletic Association,True,0-6,4-2,99,99,STATUS_FINAL,post,Final at collection (excluded),False,,,,,FloSports,,,2026-10-03T20:20:09+00:00,2026-10-03T20:35:20.283773+00:00
401867967,2026-10-03 01:00 PM ET,2026-10-03T17:00Z,Morgan State,Villanova,Villanova Stadium,Philadelphia,PA,False,False,Mid-Eastern Athletic,Patriot League,Mid-Eastern Athletic vs Patriot League,False,3-1,2-3,99,99,STATUS_IN_PROGRESS,in,In progress at collection (excluded),False,6,70.0,,,ESPN+,,,2026-10-03T20:20:09+00:00,2026-10-03T20:35:20.283773+00:00
401868228,2026-10-03 01:00 PM ET,2026-10-03T17:00Z,Dayton,Drake,Drake Stadium (IA),Des Moines,IA,False,False,,,? vs ?,True,3-0,1-3,99,99,STATUS_IN_PROGRESS,in,In progress at collection (excluded),False,1,69.0,,,ESPN+,,,2026-10-03T20:20:09+00:00,2026-10-03T20:35:20.283773+00:00
401868264,2026-10-03 01:00 PM ET,2026-10-03T17:00Z,Marist,Stetson,Spec Martin Memorial Stadium,DeLand,FL,False,False,,,? vs ?,True,3-2,1-4,99,99,STATUS_FINAL,post,Final at collection (excluded),False,,,,,YouTube,,,2026-10-03T20:20:09+00:00,2026-10-03T20:35:20.283773+00:00
401868270,2026-10-03 01:00 PM ET,2026-10-03T17:00Z,Valparaiso,Morehead State,Phil Simms Stadium,Morehead,KY,False,False,,,? vs ?,True,2-3,1-4,99,99,STATUS_FINAL,post,Final at collection (excluded),False,,,,,ESPN+,,,2026-10-03T20:20:09+00:00,2026-10-03T20:35:20.283773+00:00
401867835,2026-10-03 01:30 PM ET,2026-10-03T17:30Z,Pennsylvania,Dartmouth,Memorial Field (Dartmouth),Hanover,NH,False,False,Ivy League,Ivy League,Ivy League,True,1-2,1-2,99,99,STATUS_FINAL,post,Final at collection (excluded),False,,,,,ESPN+,,,2026-10-03T20:20:09+00:00,2026-10-03T20:35:20.283773+00:00
401868381,2026-10-03 01:30 PM ET,2026-10-03T17:30Z,Mercer,VMI,Foster Stadium,Lexington,VA,False,False,Southern,Southern,Southern,True,3-2,0-5,99,99,STATUS_IN_PROGRESS,in,In progress at collection (excluded),False,7,56.0,,,ESPN+,,,2026-10-03T20:20:09+00:00,2026-10-03T20:35:20.283773+00:00
401866431,2026-10-03 02:00 PM ET,2026-10-03T18:00Z,Toledo,Ball State,Scheumann Stadium,Muncie,IN,False,False,,,? vs ?,True,3-1,1-3,99,99,STATUS_IN_PROGRESS,in,In progress at collection (excluded),False,1,68.0,,,ESPN+,,,2026-10-03T20:20:09+00:00,2026-10-03T20:35:20.283773+00:00
401867869,2026-10-03 02:00 PM ET,2026-10-03T18:00Z,Murray State,North Dakota,Alerus Center,Grand Forks,ND,True,False,Missouri Valley Football,Missouri Valley Football,Missouri Valley Football,True,1-4,4-1,99,99,STATUS_IN_PROGRESS,in,In progress at collection (excluded),False,1,65.0,,,"ESPN+, Midco Sports Plus",,,2026-10-03T20:20:09+00:00,2026-10-03T20:35:20.283773+00:00
401867918,2026-10-03 02:00 PM ET,2026-10-03T18:00Z,Norfolk State,Robert Morris,Joe Walton Stadium,Moon Township,PA,False,False,Mid-Eastern Athletic,Northeast,Mid-Eastern Athletic vs Northeast,False,3-2,2-2,99,99,STATUS_IN_PROGRESS,in,In progress at collection (excluded),False,2,67.0,,,ESPN+,,,2026-10-03T20:20:09+00:00,2026-10-03T20:35:20.283773+00:00
401867986,2026-10-03 02:00 PM ET,2026-10-03T18:00Z,The Citadel,South Carolina State,Oliver C. Dawson Stadium,Orangeburg,SC,False,False,Southern,Mid-Eastern Athletic,Southern vs Mid-Eastern Athletic,False,1-3,5-0,99,99,STATUS_IN_PROGRESS,in,In progress at collection (excluded),False,7,86.0,,,,,,2026-10-03T20:20:09+00:00,2026-10-03T20:35:20.283773+00:00
401868375,2026-10-03 02:00 PM ET,2026-10-03T18:00Z,Wofford,Furman,Paladin Stadium,Greenville,SC,False,False,Southern,Southern,Southern,True,2-3,2-3,99,99,STATUS_IN_PROGRESS,in,In progress at collection (excluded),False,6,82.0,,,ESPN+,,,2026-10-03T20:20:09+00:00,2026-10-03T20:35:20.283773+00:00
401866656,2026-10-03 03:00 PM ET,2026-10-03T19:00Z,Howard,Hampton,Audi Field,Washington,DC,False,True,Mid-Eastern Athletic,Coastal Athletic Association,Mid-Eastern Athletic vs Coastal Athletic Association,False,1-3,1-4,99,99,STATUS_IN_PROGRESS,in,In progress at collection (excluded),False,7,65.0,,,,,,2026-10-03T20:20:09+00:00,2026-10-03T20:35:20.283773+00:00
401867859,2026-10-03 03:00 PM ET,2026-10-03T19:00Z,Indiana State,South Dakota,The DakotaDome,Vermillion,SD,True,False,Missouri Valley Football,Missouri Valley Football,Missouri Valley Football,True,2-3,3-2,99,99,STATUS_IN_PROGRESS,in,In progress at collection (excluded),False,1,77.0,,,"ESPN+, Midco Sports Plus",,,2026-10-03T20:20:09+00:00,2026-10-03T20:35:20.283773+00:00
401868359,2026-10-03 03:00 PM ET,2026-10-03T19:00Z,Alcorn State,Grambling,Eddie G. Robinson Memorial Stadium,Grambling,LA,False,False,,,? vs ?,True,3-2,2-2,99,99,STATUS_IN_PROGRESS,in,In progress at collection (excluded),False,15,82.0,,,,,,2026-10-03T20:20:09+00:00,2026-10-03T20:35:20.283773+00:00
401868965,2026-10-03 03:00 PM ET,2026-10-03T19:00Z,Prairie View A&M,Mississippi Valley State,Rice-Totten Stadium,Itta Bena,MS,False,False,,,? vs ?,True,2-3,1-4,99,99,STATUS_IN_PROGRESS,in,In progress at collection (excluded),False,2,85.0,,,,,,2026-10-03T20:20:09+00:00,2026-10-03T20:35:20.283773+00:00
401856710,2026-10-03 03:30 PM ET,2026-10-03T19:30Z,Auburn,Tennessee,Neyland Stadium,Knoxville,TN,False,False,Southeastern,Southeastern,Southeastern,True,3-1,3-1,99,17,STATUS_IN_PROGRESS,in,In progress at collection (excluded),False,7,75.0,,,ESPN,,,2026-10-03T20:20:09+00:00,2026-10-03T20:35:20.283773+00:00
401858247,2026-10-03 03:30 PM ET,2026-10-03T19:30Z,California,UNLV,Allegiant Stadium,Las Vegas,NV,True,False,Atlantic Coast,Mountain West,Atlantic Coast vs Mountain West,False,2-2,2-2,99,99,STATUS_IN_PROGRESS,in,In progress at collection (excluded),False,1,91.0,,,CBSSN,,,2026-10-03T20:20:09+00:00,2026-10-03T20:35:20.283773+00:00
401858248,2026-10-03 03:30 PM ET,2026-10-03T19:30Z,Louisville,NC State,Carter-Finley Stadium,Raleigh,NC,False,False,Atlantic Coast,Atlantic Coast,Atlantic Coast,True,2-2,2-2,99,99,STATUS_IN_PROGRESS,in,In progress at collection (excluded),False,12,70.0,,,ACC Network,,,2026-10-03T20:20:09+00:00,2026-10-03T20:35:20.283773+00:00
401858253,2026-10-03 03:30 PM ET,2026-10-03T19:30Z,Virginia,Florida State,Doak Campbell Stadium,Tallahassee,FL,False,False,Atlantic Coast,Atlantic Coast,Atlantic Coast,True,3-1,2-2,99,99,STATUS_IN_PROGRESS,in,In progress at collection (excluded),False,17,81.0,,,ESPN2,,,2026-10-03T20:20:09+00:00,2026-10-03T20:35:20.283773+00:00
401858473,2026-10-03 03:30 PM ET,2026-10-03T19:30Z,Ohio State,Iowa,Kinnick Stadium,Iowa City,IA,False,False,Big Ten,Big Ten,Big Ten,True,3-1,4-0,5,14,STATUS_IN_PROGRESS,in,In progress at collection (excluded),False,1,71.0,,,CBS,,,2026-10-03T20:20:09+00:00,2026-10-03T20:35:20.283773+00:00
401862793,2026-10-03 03:30 PM ET,2026-10-03T19:30Z,Samford,UAB,Protective Stadium,Birmingham,AL,False,False,Southern,American,Southern vs American,False,1-3,2-2,99,99,STATUS_IN_PROGRESS,in,In progress at collection (excluded),False,6,86.0,,,ESPN+,,,2026-10-03T20:20:09+00:00,2026-10-03T20:35:20.283773+00:00
401864515,2026-10-03 03:30 PM ET,2026-10-03T19:30Z,Wyoming,North Dakota State,Fargodome,Fargo,ND,True,False,Mountain West,Mountain West,Mountain West,True,2-2,4-0,99,99,STATUS_IN_PROGRESS,in,In progress at collection (excluded),False,7,58.0,,,CW,,,2026-10-03T20:20:09+00:00,2026-10-03T20:35:20.283773+00:00
401866430,2026-10-03 03:30 PM ET,2026-10-03T19:30Z,Akron,Central Michigan,Kelly/Shorts Stadium,Mount Pleasant,MI,False,False,,,? vs ?,True,1-3,2-2,99,99,STATUS_IN_PROGRESS,in,In progress at collection (excluded),False,1,64.0,,,ESPN+,,,2026-10-03T20:20:09+00:00,2026-10-03T20:35:20.283773+00:00
401866433,2026-10-03 03:30 PM ET,2026-10-03T19:30Z,Eastern Michigan,Massachusetts,Warren McGuirk Alumni Stadium,Amherst,MA,False,False,,,? vs ?,True,2-3,4-0,99,99,STATUS_IN_PROGRESS,in,In progress at collection (excluded),False,1,68.0,,,ESPN+,,,2026-10-03T20:20:09+00:00,2026-10-03T20:35:20.283773+00:00
401866434,2026-10-03 03:30 PM ET,2026-10-03T19:30Z,Ohio,Kent State,Zoeller Field at Dix Stadium,Kent,OH,False,False,,,? vs ?,True,2-2,2-2,99,99,STATUS_IN_PROGRESS,in,In progress at collection (excluded),False,1,66.0,,,ESPN+,,,2026-10-03T20:20:09+00:00,2026-10-03T20:35:20.283773+00:00
401866477,2026-10-03 03:30 PM ET,2026-10-03T19:30Z,Bowling Green,Miami (OH),Yager Stadium,Oxford,OH,False,False,,,? vs ?,True,0-4,2-2,99,99,STATUS_IN_PROGRESS,in,In progress at collection (excluded),False,1,69.0,,,ESPN+,,,2026-10-03T20:20:09+00:00,2026-10-03T20:35:20.283773+00:00
401866652,2026-10-03 03:30 PM ET,2026-10-03T19:30Z,Sacred Heart,Maine,Harold Alfond Sports Stadium,Orono,ME,False,False,Coastal Athletic Association,Coastal Athletic Association,Coastal Athletic Association,True,1-3,1-4,99,99,STATUS_IN_PROGRESS,in,In progress at collection (excluded),False,1,62.0,,,FloSports,,,2026-10-03T20:20:09+00:00,2026-10-03T20:35:20.283773+00:00
401866655,2026-10-03 03:30 PM ET,2026-10-03T19:30Z,Delaware State,UAlbany,Bob Ford Field at Tom & Mary Casey Stadium,Albany,NY,False,False,Mid-Eastern Athletic,Coastal Athletic Association,Mid-Eastern Athletic vs Coastal Athletic Association,False,3-2,2-3,99,99,STATUS_IN_PROGRESS,in,In progress at collection (excluded),False,1,67.0,,,FloSports,,,2026-10-03T20:20:09+00:00,2026-10-03T20:35:20.283773+00:00
401868025,2026-10-03 03:30 PM ET,2026-10-03T19:30Z,Holy Cross,William & Mary,Walter J. Zable Stadium,Williamsburg,VA,False,False,Patriot League,Patriot League,Patriot League,True,1-4,2-3,99,99,STATUS_IN_PROGRESS,in,In progress at collection (excluded),False,7,64.0,,,ESPN+,,,2026-10-03T20:20:09+00:00,2026-10-03T20:35:20.283773+00:00
401868339,2026-10-03 03:30 PM ET,2026-10-03T19:30Z,Chattanooga,East Tennessee State,William B. Greene Jr. Stadium,Johnson City,TN,False,False,Southern,Southern,Southern,True,3-2,3-2,99,99,STATUS_IN_PROGRESS,in,In progress at collection (excluded),False,15,76.0,,,ESPN+,,,2026-10-03T20:20:09+00:00,2026-10-03T20:35:20.283773+00:00
401869956,2026-10-03 03:30 PM ET,2026-10-03T19:30Z,Old Dominion,Georgia State,Center Parc Stadium,Atlanta,GA,False,False,,,? vs ?,True,1-3,3-1,99,99,STATUS_IN_PROGRESS,in,In progress at collection (excluded),False,12,84.0,,,ESPN+,,,2026-10-03T20:20:09+00:00,2026-10-03T20:35:20.283773+00:00
401869962,2026-10-03 03:45 PM ET,2026-10-03T19:45Z,Marshall,James Madison,Bridgeforth Stadium,Harrisonburg,VA,False,False,,,? vs ?,True,3-1,4-0,99,99,STATUS_IN_PROGRESS,in,In progress at collection (excluded),False,7,55.0,,,ESPNU,,,2026-10-03T20:20:09+00:00,2026-10-03T20:35:20.283773+00:00
401856708,2026-10-03 03:50 PM ET,2026-10-03T19:50Z,Florida,Missouri,Memorial Stadium,Columbia,MO,False,False,Southeastern,Southeastern,Southeastern,True,4-0,3-1,8,25,STATUS_IN_PROGRESS,in,In progress at collection (excluded),False,1,73.0,,,ABC,,,2026-10-03T20:20:09+00:00,2026-10-03T20:35:20.283773+00:00
401858475,2026-10-03 04:00 PM ET,2026-10-03T20:00Z,Maryland,Nebraska,"Memorial Stadium (Lincoln, NE)",Lincoln,NE,False,False,Big Ten,Big Ten,Big Ten,True,2-2,4-0,99,99,STATUS_IN_PROGRESS,in,In progress at collection (excluded),False,1,76.0,,,FS1,,,2026-10-03T20:20:09+00:00,2026-10-03T20:35:20.283773+00:00
401864514,2026-10-03 04:00 PM ET,2026-10-03T20:00Z,UTEP,New Mexico,University Stadium (NM),Albuquerque,NM,False,False,Mountain West,Mountain West,Mountain West,True,1-3,3-1,99,99,STATUS_IN_PROGRESS,in,In progress at collection (excluded),False,1,70.0,,,MW+,,,2026-10-03T20:20:09+00:00,2026-10-03T20:35:20.283773+00:00
401868114,2026-10-03 04:00 PM ET,2026-10-03T20:00Z,Northern Colorado,Montana,Washington-Grizzly Stadium,Missoula,MT,False,False,Big Sky,Big Sky,Big Sky,True,2-3,4-1,99,99,STATUS_IN_PROGRESS,in,In progress at collection (excluded),False,3,67.0,,,"ESPN+, Scripps Sports",,,2026-10-03T20:20:09+00:00,2026-10-03T20:35:20.283773+00:00
401868197,2026-10-03 04:00 PM ET,2026-10-03T20:00Z,Tennessee State,Western Illinois,Hanson Field,Macomb,IL,False,False,Ohio Valley,Ohio Valley,Ohio Valley,True,1-3,2-3,99,99,STATUS_IN_PROGRESS,in,In progress at collection (excluded),False,1,72.0,,,ESPN+,,,2026-10-03T20:20:09+00:00,2026-10-03T20:35:20.283773+00:00
401868220,2026-10-03 04:00 PM ET,2026-10-03T20:00Z,Davidson,San Diego,Torero Stadium,San Diego,CA,False,False,,,? vs ?,True,2-3,1-3,99,99,STATUS_IN_PROGRESS,in,In progress at collection (excluded),False,1,99.0,,,ESPN+,,,2026-10-03T20:20:09+00:00,2026-10-03T20:35:20.283773+00:00
401868328,2026-10-03 04:00 PM ET,2026-10-03T20:00Z,Alabama State,Bethune-Cookman,Daytona Stadium,Daytona Beach,FL,False,False,,,? vs ?,True,3-1,2-2,99,99,STATUS_IN_PROGRESS,in,In progress at collection (excluded),False,6,86.0,,,,,,2026-10-03T20:20:09+00:00,2026-10-03T20:35:20.283773+00:00
401856709,2026-10-03 04:15 PM ET,2026-10-03T20:15Z,Kentucky,South Carolina,Williams-Brice Stadium,Columbia,SC,False,False,Southeastern,Southeastern,Southeastern,True,3-1,2-2,24,99,STATUS_SCHEDULED,pre,Kicked off before freeze (excluded),False,7,81.0,7.0,68.0,SEC Network,SC -2.5,52.5,2026-10-03T20:20:09+00:00,2026-10-03T20:35:20.283773+00:00
401858472,2026-10-03 04:15 PM ET,2026-10-03T20:15Z,Purdue,Illinois,Gies Memorial Stadium,Champaign,IL,False,False,Big Ten,Big Ten,Big Ten,True,1-3,2-2,99,99,STATUS_IN_PROGRESS,in,In progress at collection (excluded),False,1,71.0,,,BTN,,,2026-10-03T20:20:09+00:00,2026-10-03T20:35:20.283773+00:00
401867891,2026-10-03 05:00 PM ET,2026-10-03T21:00Z,Youngstown State,Southern Illinois,Saluki Stadium,Carbondale,IL,False,False,Missouri Valley Football,Missouri Valley Football,Missouri Valley Football,True,3-2,3-2,99,99,STATUS_SCHEDULED,pre,Not started (predicted),True,Mostly sunny,76.0,16.0,0.0,ESPN+,YSU -4,64.5,2026-10-03T20:20:09+00:00,2026-10-03T20:35:20.283773+00:00
401868064,2026-10-03 05:00 PM ET,2026-10-03T21:00Z,New Haven,Austin Peay,Fortera Stadium,Clarksville,TN,False,False,Northeast,United Athletic,Northeast vs United Athletic,False,1-4,4-1,99,99,STATUS_SCHEDULED,pre,Not started (predicted),True,Intermittent clouds,72.0,14.0,7.0,ESPN+,APSU -35.5,50.5,2026-10-03T20:20:09+00:00,2026-10-03T20:35:20.283773+00:00
401868295,2026-10-03 05:00 PM ET,2026-10-03T21:00Z,Alabama A&M,Jackson State,Ladd-Peebles Stadium,Mobile,AL,False,True,,,? vs ?,True,4-1,4-0,99,99,STATUS_SCHEDULED,pre,Not started (predicted),True,Cloudy,79.0,15.0,49.0,,JKST -10,54.5,2026-10-03T20:20:09+00:00,2026-10-03T20:35:20.283773+00:00
401860899,2026-10-03 06:00 PM ET,2026-10-03T22:00Z,Oregon State,Colorado State,Canvas Stadium,Fort Collins,CO,False,False,Pac-12,Pac-12,Pac-12,True,2-2,2-2,99,99,STATUS_SCHEDULED,pre,Not started (predicted),True,Mostly sunny,84.0,28.0,0.0,USA Net,ORST -7,62.5,2026-10-03T20:20:09+00:00,2026-10-03T20:35:20.283773+00:00
401862790,2026-10-03 06:00 PM ET,2026-10-03T22:00Z,Texas Southern,Florida Atlantic,Flagler Credit Union Stadium,Boca Raton,FL,False,False,,American,? vs American,False,1-3,3-1,99,99,STATUS_SCHEDULED,pre,Not started (predicted),True,Intermittent clouds,86.0,18.0,33.0,ESPN+,FAU -47.5,62.5,2026-10-03T20:20:09+00:00,2026-10-03T20:35:20.283773+00:00
401866653,2026-10-03 06:00 PM ET,2026-10-03T22:00Z,North Carolina A&T,Bryant,Beirne Stadium,Smithfield,RI,False,False,Coastal Athletic Association,Coastal Athletic Association,Coastal Athletic Association,True,1-4,3-1,99,99,STATUS_SCHEDULED,pre,Not started (predicted),True,Mostly sunny,63.0,14.0,0.0,FloSports,BRY -13.5,47.5,2026-10-03T20:20:09+00:00,2026-10-03T20:35:20.283773+00:00
401866657,2026-10-03 06:00 PM ET,2026-10-03T22:00Z,Campbell,North Carolina Central,O'Kelly-Riddick Stadium,Durham,NC,False,False,Coastal Athletic Association,Mid-Eastern Athletic,Coastal Athletic Association vs Mid-Eastern Athletic,False,4-1,2-3,99,99,STATUS_SCHEDULED,pre,Not started (predicted),True,Cloudy,67.0,20.0,44.0,,CAM -13.5,57.5,2026-10-03T20:20:09+00:00,2026-10-03T20:35:20.283773+00:00
401868143,2026-10-03 06:00 PM ET,2026-10-03T22:00Z,North Alabama,Eastern Kentucky,Roy Kidd Stadium,Richmond,KY,False,False,United Athletic,United Athletic,United Athletic,True,3-2,1-3,99,99,STATUS_SCHEDULED,pre,Not started (predicted),True,Intermittent clouds,70.0,8.0,0.0,ESPN+,EKU -1.5,49.5,2026-10-03T20:20:09+00:00,2026-10-03T20:35:20.283773+00:00
401868173,2026-10-03 06:00 PM ET,2026-10-03T22:00Z,Gardner-Webb,Charleston Southern,Buccaneer Field,Charleston,SC,False,False,Ohio Valley,Ohio Valley,Ohio Valley,True,1-4,2-2,99,99,STATUS_SCHEDULED,pre,Not started (predicted),True,Thunderstorms,78.0,10.0,75.0,ESPN+,GWEB -7,44.5,2026-10-03T20:20:09+00:00,2026-10-03T20:35:20.283773+00:00
401868309,2026-10-03 06:00 PM ET,2026-10-03T22:00Z,Incarnate Word,Stephen F. Austin,Homer Bryce Stadium,Nacogdoches,TX,False,False,Southland,Southland,Southland,True,2-2,5-0,99,99,STATUS_SCHEDULED,pre,Not started (predicted),True,Mostly cloudy w/ t-storms,82.0,14.0,52.0,ESPN+,SFA -18.5,55.5,2026-10-03T20:20:09+00:00,2026-10-03T20:35:20.283773+00:00
401868391,2026-10-03 06:00 PM ET,2026-10-03T22:00Z,Tennessee Tech,Western Carolina,E.J. Whitmire Stadium,Cullowhee,NC,False,False,Southern,Southern,Southern,True,4-0,2-3,99,99,STATUS_SCHEDULED,pre,Not started (predicted),True,Intermittent clouds,72.0,4.0,49.0,ESPN+,TNTC -12.5,64.5,2026-10-03T20:20:09+00:00,2026-10-03T20:35:20.283773+00:00
401856711,2026-10-03 07:00 PM ET,2026-10-03T23:00Z,Arkansas,Texas A&M,Kyle Field,College Station,TX,False,False,Southeastern,Southeastern,Southeastern,True,2-2,2-2,99,99,STATUS_SCHEDULED,pre,Not started (predicted),True,Intermittent clouds,83.0,15.0,25.0,ESPN2,TA&M -14,50.5,2026-10-03T20:20:09+00:00,2026-10-03T20:35:20.283773+00:00
401856818,2026-10-03 07:00 PM ET,2026-10-03T23:00Z,BYU,TCU,Amon G. Carter Stadium,Fort Worth,TX,False,False,Big 12,Big 12,Big 12,True,3-0,2-2,10,99,STATUS_SCHEDULED,pre,Not started (predicted),True,Rain,71.0,13.0,85.0,"ESPN, Disney+",BYU -6,47.5,2026-10-03T20:20:09+00:00,2026-10-03T20:35:20.283773+00:00
401862788,2026-10-03 07:00 PM ET,2026-10-03T23:00Z,UTSA,Rice,First Community Stadium,Houston,TX,False,False,American,American,American,True,3-1,1-3,99,99,STATUS_SCHEDULED,pre,Not started (predicted),True,Thunderstorms,83.0,14.0,57.0,ESPN+,UTSA -12.5,55.5,2026-10-03T20:20:09+00:00,2026-10-03T20:35:20.283773+00:00
401867688,2026-10-03 07:00 PM ET,2026-10-03T23:00Z,Chicago State,Tarleton State,Tarleton Memorial Stadium,Stephenville,TX,False,False,FCS Independents,United Athletic,FCS Independents vs United Athletic,False,1-4,4-0,99,99,STATUS_SCHEDULED,pre,Not started (predicted),True,Cloudy,71.0,10.0,49.0,ESPN+,TAR -50.5,64.5,2026-10-03T20:20:09+00:00,2026-10-03T20:35:20.283773+00:00
401867840,2026-10-03 07:00 PM ET,2026-10-03T23:00Z,Colgate,Harvard,Harvard Stadium,Cambridge,MA,False,False,Patriot League,Ivy League,Patriot League vs Ivy League,False,4-1,2-0,99,99,STATUS_SCHEDULED,pre,Not started (predicted),True,Mostly clear,59.0,13.0,0.0,ESPN+,HARV -4.5,40.5,2026-10-03T20:20:09+00:00,2026-10-03T20:35:20.283773+00:00
401867848,2026-10-03 07:00 PM ET,2026-10-03T23:00Z,South Dakota State,Illinois State,Hancock Stadium,Normal,IL,False,False,Missouri Valley Football,Missouri Valley Football,Missouri Valley Football,True,4-1,4-1,99,99,STATUS_SCHEDULED,pre,Not started (predicted),True,Sunny,65.0,8.0,0.0,ESPN+,SDST -2.5,51.5,2026-10-03T20:20:09+00:00,2026-10-03T20:35:20.283773+00:00
401868248,2026-10-03 07:00 PM ET,2026-10-03T23:00Z,UT Rio Grande Valley,East Texas A&M,"Memorial Stadium (Commerce, TX)",Commerce,TX,False,False,Southland,Southland,Southland,True,2-2,1-4,99,99,STATUS_SCHEDULED,pre,Not started (predicted),True,Mostly cloudy w/ showers,72.0,8.0,80.0,ESPN+,RGV -10.5,50.5,2026-10-03T20:20:09+00:00,2026-10-03T20:35:20.283773+00:00
401868936,2026-10-03 07:00 PM ET,2026-10-03T23:00Z,Arkansas-Pine Bluff,Southern,A.W. Mumford Stadium,Baton Rouge,LA,False,False,,,? vs ?,True,2-2,2-3,99,99,STATUS_SCHEDULED,pre,Not started (predicted),True,Thunderstorms,80.0,12.0,75.0,,SOU -2.5,55.5,2026-10-03T20:20:09+00:00,2026-10-03T20:35:20.283773+00:00
401869131,2026-10-03 07:00 PM ET,2026-10-03T23:00Z,Northwestern State,Lamar,Provost Umphrey Stadium,Beaumont,TX,False,False,Southland,Southland,Southland,True,0-5,3-1,99,99,STATUS_SCHEDULED,pre,Not started (predicted),True,Thunderstorms,80.0,10.0,66.0,ESPN+,LAM -41.5,54.5,2026-10-03T20:20:09+00:00,2026-10-03T20:35:20.283773+00:00
401869151,2026-10-03 07:00 PM ET,2026-10-03T23:00Z,Nicholls,Houston Christian,Husky Stadium (TX),Houston,TX,False,False,Southland,Southland,Southland,True,2-3,2-3,99,99,STATUS_SCHEDULED,pre,Not started (predicted),True,Cloudy,82.0,9.0,49.0,ESPN+,HCU -1.5,51.5,2026-10-03T20:20:09+00:00,2026-10-03T20:35:20.283773+00:00
401869942,2026-10-03 07:00 PM ET,2026-10-03T23:00Z,Georgia Southern,Coastal Carolina,Brooks Stadium (SC),Conway,SC,False,False,,,? vs ?,True,1-3,1-3,99,99,STATUS_SCHEDULED,pre,Not started (predicted),True,Cloudy,78.0,8.0,49.0,ESPN+,GASO -2.5,52.5,2026-10-03T20:20:09+00:00,2026-10-03T20:35:20.283773+00:00
401871089,2026-10-03 07:00 PM ET,2026-10-03T23:00Z,UL Monroe,South Alabama,Hancock Whitney Stadium,Mobile,AL,False,False,,,? vs ?,True,0-4,2-2,99,99,STATUS_SCHEDULED,pre,Not started (predicted),True,Thunderstorms,77.0,10.0,79.0,ESPN+,USA -13.5,57.5,2026-10-03T20:20:09+00:00,2026-10-03T20:35:20.283773+00:00
401856821,2026-10-03 07:30 PM ET,2026-10-03T23:30Z,Texas Tech,Colorado,Folsom Field,Boulder,CO,False,False,Big 12,Big 12,Big 12,True,4-0,2-2,12,99,STATUS_SCHEDULED,pre,Not started (predicted),True,Mostly sunny,81.0,15.0,0.0,FOX,TTU -13.5,49.5,2026-10-03T20:20:09+00:00,2026-10-03T20:35:20.283773+00:00
401858249,2026-10-03 07:30 PM ET,2026-10-03T23:30Z,Miami,Clemson,"Memorial Stadium (Clemson, SC)",Clemson,SC,False,False,Atlantic Coast,Atlantic Coast,Atlantic Coast,True,4-0,3-1,4,99,STATUS_SCHEDULED,pre,Not started (predicted),True,Mostly cloudy w/ t-storms,75.0,8.0,75.0,ABC,MIA -15.5,48.5,2026-10-03T20:20:09+00:00,2026-10-03T20:35:20.283773+00:00
401858478,2026-10-03 07:30 PM ET,2026-10-03T23:30Z,Washington,USC,Los Angeles Memorial Coliseum,Los Angeles,CA,False,False,Big Ten,Big Ten,Big Ten,True,3-1,4-1,99,18,STATUS_SCHEDULED,pre,Not started (predicted),True,Sunny,98.0,12.0,0.0,NBC,USC -7.5,58.5,2026-10-03T20:20:09+00:00,2026-10-03T20:35:20.283773+00:00
401860898,2026-10-03 07:30 PM ET,2026-10-03T23:30Z,Utah State,Boise State,Albertsons Stadium,Boise,ID,False,False,Pac-12,Pac-12,Pac-12,True,1-3,3-1,99,22,STATUS_SCHEDULED,pre,Not started (predicted),True,Sunny,85.0,6.0,0.0,CBSSN,BOIS -19.5,51.5,2026-10-03T20:20:09+00:00,2026-10-03T20:35:20.283773+00:00
401862792,2026-10-03 07:30 PM ET,2026-10-03T23:30Z,Temple,South Florida,Raymond James Stadium,Tampa,FL,False,False,American,American,American,True,1-3,4-0,99,99,STATUS_SCHEDULED,pre,Not started (predicted),True,Mostly cloudy w/ t-storms,81.0,8.0,61.0,ESPNU,USF -5.5,48.5,2026-10-03T20:20:09+00:00,2026-10-03T20:35:20.283773+00:00
401869842,2026-10-03 07:30 PM ET,2026-10-03T23:30Z,Army,Louisiana Tech,Joe Aillet Stadium,Ruston,LA,False,False,American,,American vs ?,False,2-1,1-2,99,99,STATUS_SCHEDULED,pre,Not started (predicted),True,Intermittent clouds,80.0,12.0,34.0,ESPN+,LT -1.5,47.5,2026-10-03T20:20:09+00:00,2026-10-03T20:35:20.283773+00:00
401856706,2026-10-03 07:45 PM ET,2026-10-03T23:45Z,McNeese,LSU,Tiger Stadium (LA),Baton Rouge,LA,False,False,Southland,Southeastern,Southland vs Southeastern,False,2-3,3-1,99,11,STATUS_SCHEDULED,pre,Not started (predicted),True,Thunderstorms,81.0,12.0,75.0,SEC Network,LSU -53.5,62.5,2026-10-03T20:20:09+00:00,2026-10-03T20:35:20.283773+00:00
401858477,2026-10-03 08:00 PM ET,2026-10-04T00:00Z,Indiana,Rutgers,SHI Stadium,Piscataway,NJ,False,False,Big Ten,Big Ten,Big Ten,True,4-0,1-3,6,99,STATUS_SCHEDULED,pre,Not started (predicted),True,Mostly clear,62.0,9.0,0.0,BTN,IU -24.5,56.5,2026-10-03T20:20:09+00:00,2026-10-03T20:35:20.283773+00:00
401868053,2026-10-03 08:00 PM ET,2026-10-04T00:00Z,West Florida,Abilene Christian,Wildcat Stadium (TX),Abilene,TX,False,False,United Athletic,United Athletic,United Athletic,True,3-1,1-4,99,99,STATUS_SCHEDULED,pre,Not started (predicted),True,Intermittent clouds,73.0,12.0,44.0,ESPN+,ACU -4.5,48.5,2026-10-03T20:20:09+00:00,2026-10-03T20:35:20.283773+00:00
401868077,2026-10-03 08:00 PM ET,2026-10-04T00:00Z,Weber State,Cal Poly,Mustang Memorial Field at Spanos Stadium,San Luis Obispo,CA,False,False,Big Sky,Big Sky,Big Sky,True,2-3,3-2,99,99,STATUS_SCHEDULED,pre,Not started (predicted),True,Sunny,85.0,12.0,0.0,ESPN+,CP -5.5,67.5,2026-10-03T20:20:09+00:00,2026-10-03T20:35:20.283773+00:00
401868104,2026-10-03 08:00 PM ET,2026-10-04T00:00Z,Northern Arizona,Idaho State,ICCU Dome,Pocatello,ID,True,False,Big Sky,Big Sky,Big Sky,True,3-2,4-0,99,99,STATUS_SCHEDULED,pre,Not started (predicted),True,Mostly sunny,77.0,8.0,0.0,ESPN+,IDST -7.5,55.5,2026-10-03T20:20:09+00:00,2026-10-03T20:35:20.283773+00:00
401868160,2026-10-03 08:00 PM ET,2026-10-04T00:00Z,Southern Utah,Utah Tech,Greater Zion Stadium,Saint George,UT,False,False,Big Sky,Big Sky,Big Sky,True,1-4,0-5,99,99,STATUS_SCHEDULED,pre,Not started (predicted),True,Mostly sunny,94.0,2.0,0.0,ESPN+,SUU -12.5,55.5,2026-10-03T20:20:09+00:00,2026-10-03T20:35:20.283773+00:00
401869932,2026-10-03 08:00 PM ET,2026-10-04T00:00Z,Arkansas State,Louisiana,Our Lady of Lourdes Stadium,Lafayette,LA,False,False,,,? vs ?,True,2-2,3-1,99,99,STATUS_SCHEDULED,pre,Not started (predicted),True,Thunderstorms,81.0,6.0,79.0,ESPN+,UL -6,49.5,2026-10-03T20:20:09+00:00,2026-10-03T20:35:20.283773+00:00
401860921,2026-10-03 09:30 PM ET,2026-10-04T01:30Z,Fresno State,Washington State,Martin Stadium,Pullman,WA,False,False,Pac-12,Pac-12,Pac-12,True,3-1,1-3,99,99,STATUS_SCHEDULED,pre,Not started (predicted),True,Sunny,70.0,7.0,0.0,USA Net,WSU -2.5,44.5,2026-10-03T20:20:09+00:00,2026-10-03T20:35:20.283773+00:00
401856817,2026-10-03 10:30 PM ET,2026-10-04T02:30Z,Baylor,Arizona State,Mountain America Stadium,Tempe,AZ,False,False,Big 12,Big 12,Big 12,True,3-1,2-1,99,99,STATUS_SCHEDULED,pre,Not started (predicted),True,Clear,93.0,12.0,0.0,ESPN,ASU -3.5,48.5,2026-10-03T20:20:09+00:00,2026-10-03T20:35:20.283773+00:00
401860900,2026-10-03 10:30 PM ET,2026-10-04T02:30Z,Texas State,San Diego State,Snapdragon Stadium,San Diego,CA,False,False,Pac-12,Pac-12,Pac-12,True,2-2,1-3,99,99,STATUS_SCHEDULED,pre,Not started (predicted),True,Clear,92.0,6.0,0.0,CW,TXST -9.5,57.5,2026-10-03T20:20:09+00:00,2026-10-03T20:35:20.283773+00:00
401868086,2026-10-03 10:30 PM ET,2026-10-04T02:30Z,Eastern Washington,UC Davis,UC Davis Health Stadium,Davis,CA,False,False,Big Sky,Big Sky,Big Sky,True,1-4,3-2,99,99,STATUS_SCHEDULED,pre,Not started (predicted),True,Clear,91.0,5.0,0.0,ESPN2,UCD -10,61.5,2026-10-03T20:20:09+00:00,2026-10-03T20:35:20.283773+00:00
401856820,2026-10-03 11:00 PM ET,2026-10-04T03:00Z,Cincinnati,Arizona,Casino Del Sol Stadium,Tucson,AZ,False,False,Big 12,Big 12,Big 12,True,4-0,3-1,99,99,STATUS_SCHEDULED,pre,Not started (predicted),True,Clear,81.0,12.0,0.0,FOX,ARIZ -7,55.5,2026-10-03T20:20:09+00:00,2026-10-03T20:35:20.283773+00:00
401864513,2026-10-03 11:59 PM ET,2026-10-04T03:59Z,San José State,Hawai'i,Clarence T.C. Ching Athletics Complex,Honolulu,HI,False,False,Mountain West,Mountain West,Mountain West,True,2-2,1-3,99,99,STATUS_SCHEDULED,pre,Not started (predicted),True,Partly sunny,82.0,23.0,0.0,MW+,HAW -2.5,50.5,2026-10-03T20:20:09+00:00,2026-10-03T20:35:20.283773+00:00
