event_id,kickoff_et,away,home,pred_winner,away_win_prob,home_win_prob,proj_away,proj_home,proj_margin,proj_total,upset_prob,confidence,p_elo,p_pts,p_lr,p_gbm,p_reg,p_ens,m_elo,m_pts,m_reg,m_gbm,m_ens,m_final,p_std,m_std,models_split,high_disagreement,thin_sample,qb_change_flag,data_cutoff_utc,prediction_freeze_utc
401867891,2026-10-03 05:00 PM ET,Youngstown State,Southern Illinois,Youngstown State,0.5686,0.4314,31.6775,29.4106,2.2669,61.0882,0.4314,1.0,0.4966,0.4415,0.3887,0.5314,0.4355,0.4314,0.6028,-2.4508,-2.6351,1.1992,-1.7523,-2.2669,0.0558,2.0046,True,True,False,False,2026-10-03T12:00:00+00:00,2026-10-03T20:35:20.283773+00:00
401868064,2026-10-03 05:00 PM ET,New Haven,Austin Peay,Austin Peay,0.0117,0.9883,7.7892,45.4743,37.6851,53.2634,0.0117,9.2,0.955,0.991,0.9818,0.9909,0.9904,0.9883,30.964,39.3939,38.0134,40.4448,38.9075,37.6851,0.0155,4.2775,False,False,False,True,2026-10-03T12:00:00+00:00,2026-10-03T20:35:20.283773+00:00
401868295,2026-10-03 05:00 PM ET,Alabama A&M,Jackson State,Jackson State,0.4125,0.5875,25.2799,29.0579,3.778,54.3378,0.4125,1.7,0.8102,0.6269,0.568,0.6014,0.5734,0.5875,15.1037,5.3926,3.0008,4.6662,3.9959,3.778,0.1002,5.4677,False,True,False,False,2026-10-03T12:00:00+00:00,2026-10-03T20:35:20.283773+00:00
401860899,2026-10-03 06:00 PM ET,Oregon State,Colorado State,Oregon State,0.633,0.367,31.5307,26.4582,5.0725,57.9888,0.367,1.6,0.519,0.4693,0.306,0.25,0.3632,0.367,1.4895,-1.2821,-5.6768,-6.4264,-4.677,-5.0725,0.1118,3.7421,True,True,False,False,2026-10-03T12:00:00+00:00,2026-10-03T20:35:20.283773+00:00
401862790,2026-10-03 06:00 PM ET,Texas Southern,Florida Atlantic,Florida Atlantic,0.0088,0.9912,13.291,52.4886,39.1977,65.7796,0.0088,9.7,0.9468,0.992,0.9884,0.9916,0.9926,0.9912,29.2343,40.1523,39.5864,41.5951,40.1731,39.1977,0.0199,5.6686,False,False,False,False,2026-10-03T12:00:00+00:00,2026-10-03T20:35:20.283773+00:00
401866653,2026-10-03 06:00 PM ET,North Carolina A&T,Bryant,Bryant,0.158,0.842,18.3657,34.2903,15.9246,52.656,0.158,6.7,0.8621,0.87,0.8256,0.8907,0.8276,0.842,18.8751,18.7743,15.3328,12.8812,15.7102,15.9246,0.0281,2.9021,False,False,False,True,2026-10-03T12:00:00+00:00,2026-10-03T20:35:20.283773+00:00
401866657,2026-10-03 06:00 PM ET,Campbell,North Carolina Central,Campbell,0.676,0.324,30.9853,23.2809,7.7044,54.2663,0.324,2.1,0.507,0.4163,0.283,0.3425,0.2911,0.324,1.0131,-3.524,-8.9287,-11.5078,-8.0596,-7.7044,0.0941,5.5961,True,True,False,True,2026-10-03T12:00:00+00:00,2026-10-03T20:35:20.283773+00:00
401868143,2026-10-03 06:00 PM ET,North Alabama,Eastern Kentucky,North Alabama,0.6004,0.3996,24.9158,20.8237,4.0921,45.7395,0.3996,1.0,0.5908,0.4053,0.3993,0.3842,0.3984,0.3996,4.3703,-3.996,-4.1783,-4.0037,-4.0921,-4.0921,0.0871,4.2157,True,True,False,True,2026-10-03T12:00:00+00:00,2026-10-03T20:35:20.283773+00:00
401868173,2026-10-03 06:00 PM ET,Gardner-Webb,Charleston Southern,Gardner-Webb,0.5603,0.4397,23.9527,21.6684,2.2843,45.6211,0.4397,1.0,0.5369,0.4598,0.414,0.4641,0.4395,0.4397,2.2,-1.6827,-2.4722,-1.8395,-2.1257,-2.2843,0.0459,2.1266,True,True,False,True,2026-10-03T12:00:00+00:00,2026-10-03T20:35:20.283773+00:00
401868309,2026-10-03 06:00 PM ET,Incarnate Word,Stephen F. Austin,Stephen F. Austin,0.1044,0.8956,18.4632,38.7477,20.2844,57.2109,0.1044,8.1,0.9005,0.9348,0.8674,0.8715,0.8941,0.8956,22.5364,25.2124,20.2582,14.5986,20.3381,20.2844,0.027,4.5147,False,False,False,False,2026-10-03T12:00:00+00:00,2026-10-03T20:35:20.283773+00:00
401868391,2026-10-03 06:00 PM ET,Tennessee Tech,Western Carolina,Tennessee Tech,0.7085,0.2915,33.8859,25.3373,8.5486,59.2231,0.2915,4.9,0.3074,0.3076,0.2435,0.2951,0.3116,0.2915,-7.3042,-8.3779,-7.9742,-8.8148,-8.2638,-8.5486,0.0284,0.6419,False,False,False,False,2026-10-03T12:00:00+00:00,2026-10-03T20:35:20.283773+00:00
401856711,2026-10-03 07:00 PM ET,Arkansas,Texas A&M,Texas A&M,0.1737,0.8263,21.0824,36.2718,15.1894,57.3542,0.1737,7.0,0.7889,0.8668,0.8065,0.837,0.813,0.8263,13.7837,18.5207,14.4284,13.2625,15.2577,15.1894,0.0302,2.3959,False,False,False,False,2026-10-03T12:00:00+00:00,2026-10-03T20:35:20.283773+00:00
401856818,2026-10-03 07:00 PM ET,BYU,TCU,BYU,0.5849,0.4151,26.8949,23.9425,2.9524,50.8374,0.4151,1.0,0.3163,0.5075,0.3495,0.3099,0.4191,0.4151,-6.8918,0.3137,-3.3132,-3.776,-2.4542,-2.9524,0.0832,2.9514,True,True,False,False,2026-10-03T12:00:00+00:00,2026-10-03T20:35:20.283773+00:00
401862788,2026-10-03 07:00 PM ET,UTSA,Rice,UTSA,0.8034,0.1966,33.6205,20.0915,13.529,53.712,0.1966,6.4,0.1922,0.2727,0.1595,0.1472,0.1828,0.1966,-13.4738,-10.075,-14.6803,-14.0207,-13.3182,-13.529,0.0491,2.0518,False,False,False,False,2026-10-03T12:00:00+00:00,2026-10-03T20:35:20.283773+00:00
401867688,2026-10-03 07:00 PM ET,Chicago State,Tarleton State,Tarleton State,0.0181,0.9819,13.4629,48.4344,34.9715,61.8973,0.0181,9.7,0.9745,0.9851,0.9726,0.989,0.9848,0.9819,36.81,36.1934,35.1256,38.8627,36.221,34.9715,0.0072,1.5722,False,False,False,False,2026-10-03T12:00:00+00:00,2026-10-03T20:35:20.283773+00:00
401867840,2026-10-03 07:00 PM ET,Colgate,Harvard,Harvard,0.4289,0.5711,21.6067,24.1989,2.5922,45.8055,0.4289,1.0,0.7398,0.567,0.6068,0.6197,0.5424,0.5711,11.0813,2.8104,1.7292,3.051,2.3028,2.5922,0.0762,4.3141,False,False,True,False,2026-10-03T12:00:00+00:00,2026-10-03T20:35:20.283773+00:00
401867848,2026-10-03 07:00 PM ET,South Dakota State,Illinois State,Illinois State,0.465,0.535,26.2194,27.9926,1.7732,54.2119,0.465,1.0,0.6776,0.6263,0.4874,0.5395,0.5094,0.535,8.0898,5.3695,0.3835,2.3527,2.1312,1.7732,0.0809,3.3855,True,True,False,True,2026-10-03T12:00:00+00:00,2026-10-03T20:35:20.283773+00:00
401868248,2026-10-03 07:00 PM ET,UT Rio Grande Valley,East Texas A&M,UT Rio Grande Valley,0.6827,0.3173,27.5408,19.9729,7.5679,47.5137,0.3173,3.7,0.2417,0.3606,0.3064,0.2422,0.3112,0.3173,-10.5826,-5.9467,-7.993,-8.1666,-7.4893,-7.5679,0.0507,1.8969,False,False,False,True,2026-10-03T12:00:00+00:00,2026-10-03T20:35:20.283773+00:00
401868936,2026-10-03 07:00 PM ET,Arkansas-Pine Bluff,Southern,Arkansas-Pine Bluff,0.5084,0.4916,28.3585,28.5137,0.1552,56.8722,0.4916,1.0,0.5697,0.556,0.4503,0.5444,0.4703,0.4916,3.5132,2.3477,-1.2102,3.0094,0.6491,0.1552,0.054,2.1375,True,True,False,False,2026-10-03T12:00:00+00:00,2026-10-03T20:35:20.283773+00:00
401869131,2026-10-03 07:00 PM ET,Northwestern State,Lamar,Lamar,0.0099,0.9901,9.6716,47.9955,38.3239,57.6671,0.0099,9.8,0.9723,0.9946,0.9841,0.9931,0.9907,0.9901,35.9474,42.4704,38.1865,37.4713,39.1645,38.3239,0.0091,2.7949,False,False,False,False,2026-10-03T12:00:00+00:00,2026-10-03T20:35:20.283773+00:00
401869151,2026-10-03 07:00 PM ET,Nicholls,Houston Christian,Houston Christian,0.1508,0.8492,18.5618,35.4755,16.9136,54.0373,0.1508,6.3,0.5417,0.8885,0.8214,0.8049,0.8518,0.8492,2.3908,20.3097,16.9433,14.031,17.2006,16.9136,0.1379,7.7867,False,True,False,False,2026-10-03T12:00:00+00:00,2026-10-03T20:35:20.283773+00:00
401869942,2026-10-03 07:00 PM ET,Georgia Southern,Coastal Carolina,Georgia Southern,0.5183,0.4817,26.0998,25.2268,0.873,51.3266,0.4817,1.0,0.4467,0.5402,0.4656,0.3986,0.4709,0.4817,-1.3812,1.6832,-1.184,-3.8673,-1.009,-0.873,0.0511,2.2701,True,True,False,False,2026-10-03T12:00:00+00:00,2026-10-03T20:35:20.283773+00:00
401871089,2026-10-03 07:00 PM ET,UL Monroe,South Alabama,South Alabama,0.1169,0.8831,20.6009,39.7112,19.1102,60.3121,0.1169,7.5,0.8899,0.9177,0.8738,0.884,0.8681,0.8831,21.4218,23.1589,18.1343,16.289,19.0625,19.1102,0.0193,3.1094,False,False,False,True,2026-10-03T12:00:00+00:00,2026-10-03T20:35:20.283773+00:00
401856821,2026-10-03 07:30 PM ET,Texas Tech,Colorado,Texas Tech,0.8287,0.1713,30.4265,15.3148,15.1117,45.7413,0.1713,6.2,0.102,0.256,0.1317,0.1381,0.1515,0.1713,-20.7885,-10.9269,-16.7176,-15.6288,-14.9485,-15.1117,0.0588,4.0545,False,False,False,True,2026-10-03T12:00:00+00:00,2026-10-03T20:35:20.283773+00:00
401858249,2026-10-03 07:30 PM ET,Miami,Clemson,Miami,0.8818,0.1182,35.1651,15.9383,19.2268,51.1034,0.1182,7.5,0.251,0.151,0.1044,0.1064,0.1089,0.1182,-10.0819,-17.1985,-19.9989,-20.6624,-19.4022,-19.2268,0.0627,4.841,False,False,False,False,2026-10-03T12:00:00+00:00,2026-10-03T20:35:20.283773+00:00
401858478,2026-10-03 07:30 PM ET,Washington,USC,USC,0.2386,0.7614,24.4019,35.8489,11.447,60.2509,0.2386,5.5,0.6202,0.8017,0.7386,0.7526,0.7538,0.7614,5.591,14.1272,11.1407,8.9408,11.4524,11.447,0.0676,3.6003,False,False,False,False,2026-10-03T12:00:00+00:00,2026-10-03T20:35:20.283773+00:00
401860898,2026-10-03 07:30 PM ET,Utah State,Boise State,Boise State,0.0987,0.9013,14.7206,35.3482,20.6276,50.0688,0.0987,8.4,0.8987,0.908,0.898,0.8943,0.9004,0.9013,22.3376,22.1454,20.8369,17.7619,20.5142,20.6276,0.0051,2.1136,False,False,False,False,2026-10-03T12:00:00+00:00,2026-10-03T20:35:20.283773+00:00
401862792,2026-10-03 07:30 PM ET,Temple,South Florida,South Florida,0.173,0.827,21.2205,36.093,14.8725,57.3134,0.173,6.8,0.8935,0.826,0.8398,0.9051,0.8064,0.827,21.7872,15.6405,14.0337,14.5873,14.5793,14.8725,0.0431,3.5793,False,False,False,False,2026-10-03T12:00:00+00:00,2026-10-03T20:35:20.283773+00:00
401869842,2026-10-03 07:30 PM ET,Army,Louisiana Tech,Louisiana Tech,0.4647,0.5353,26.2211,27.7058,1.4846,53.9269,0.4647,1.0,0.3647,0.4966,0.5547,0.4166,0.5663,0.5353,-4.7572,-0.1432,2.7096,0.8185,1.5434,1.4846,0.0875,3.1724,True,True,False,True,2026-10-03T12:00:00+00:00,2026-10-03T20:35:20.283773+00:00
401856706,2026-10-03 07:45 PM ET,McNeese,LSU,LSU,0.0014,0.9986,4.5599,54.3487,49.7888,58.9086,0.0014,9.4,0.9837,0.9992,0.9978,0.9953,0.9993,0.9986,41.3097,52.7771,51.7694,49.2749,51.4935,49.7888,0.0066,5.195,False,False,False,True,2026-10-03T12:00:00+00:00,2026-10-03T20:35:20.283773+00:00
401858477,2026-10-03 08:00 PM ET,Indiana,Rutgers,Indiana,0.9332,0.0668,43.3091,19.3145,23.9946,62.6236,0.0668,8.7,0.0334,0.0934,0.0526,0.1029,0.0542,0.0668,-32.564,-21.9993,-26.056,-20.8686,-23.8542,-23.9946,0.0295,5.2867,False,False,False,False,2026-10-03T12:00:00+00:00,2026-10-03T20:35:20.283773+00:00
401868053,2026-10-03 08:00 PM ET,West Florida,Abilene Christian,Abilene Christian,0.3688,0.6312,22.6857,27.8341,5.1484,50.5197,0.3688,2.7,0.7236,0.6031,0.6393,0.6295,0.6428,0.6312,10.2649,4.357,5.9384,3.108,4.9043,5.1484,0.0452,3.1214,False,False,False,True,2026-10-03T12:00:00+00:00,2026-10-03T20:35:20.283773+00:00
401868077,2026-10-03 08:00 PM ET,Weber State,Cal Poly,Cal Poly,0.3694,0.6306,26.7334,32.2031,5.4697,58.9365,0.3694,3.4,0.6568,0.6743,0.6244,0.632,0.6082,0.6306,7.1628,7.5318,4.455,5.8513,5.5729,5.4697,0.0264,1.3973,False,False,False,False,2026-10-03T12:00:00+00:00,2026-10-03T20:35:20.283773+00:00
401868104,2026-10-03 08:00 PM ET,Northern Arizona,Idaho State,Idaho State,0.1837,0.8163,19.1746,33.5971,14.4225,52.7717,0.1837,6.8,0.7618,0.815,0.8195,0.8169,0.8152,0.8163,12.2431,14.9395,14.5617,13.0748,14.3383,14.4225,0.0246,1.2639,False,False,False,False,2026-10-03T12:00:00+00:00,2026-10-03T20:35:20.283773+00:00
401868160,2026-10-03 08:00 PM ET,Southern Utah,Utah Tech,Southern Utah,0.7893,0.2107,33.7879,21.3141,12.4738,55.102,0.2107,6.3,0.1918,0.2231,0.1784,0.1498,0.2336,0.2107,-13.4967,-12.6934,-11.7955,-11.6751,-12.0069,-12.4738,0.034,0.8522,False,False,False,False,2026-10-03T12:00:00+00:00,2026-10-03T20:35:20.283773+00:00
401869932,2026-10-03 08:00 PM ET,Arkansas State,Louisiana,Louisiana,0.332,0.668,21.7188,28.7785,7.0597,50.4973,0.332,3.8,0.6725,0.7458,0.6487,0.7587,0.6188,0.668,7.8569,11.0233,4.905,7.6939,7.1306,7.0597,0.0611,2.5011,False,False,False,False,2026-10-03T12:00:00+00:00,2026-10-03T20:35:20.283773+00:00
401860921,2026-10-03 09:30 PM ET,Fresno State,Washington State,Washington State,0.4948,0.5052,22.3045,22.6999,0.3954,45.0044,0.4948,1.0,0.4226,0.547,0.4643,0.3951,0.5246,0.5052,-2.3539,1.9668,1.0018,-2.1146,0.5793,0.3954,0.0648,2.1849,True,True,False,False,2026-10-03T12:00:00+00:00,2026-10-03T20:35:20.283773+00:00
401856817,2026-10-03 10:30 PM ET,Baylor,Arizona State,Arizona State,0.4037,0.5963,22.4051,26.1031,3.698,48.5082,0.4037,2.0,0.6373,0.6629,0.6075,0.597,0.5494,0.5963,6.3164,7.0069,2.0129,2.6544,3.4739,3.698,0.043,2.5282,False,False,False,True,2026-10-03T12:00:00+00:00,2026-10-03T20:35:20.283773+00:00
401860900,2026-10-03 10:30 PM ET,Texas State,San Diego State,Texas State,0.6112,0.3888,28.9801,24.1999,4.7802,53.18,0.3888,1.4,0.3464,0.5286,0.3201,0.389,0.349,0.3888,-5.5492,1.1968,-6.2974,-9.5222,-5.0158,-4.7802,0.0831,4.5029,True,True,False,False,2026-10-03T12:00:00+00:00,2026-10-03T20:35:20.283773+00:00
401868086,2026-10-03 10:30 PM ET,Eastern Washington,UC Davis,UC Davis,0.2796,0.7204,23.8481,33.4593,9.6112,57.3075,0.2796,4.7,0.8634,0.6761,0.7316,0.7879,0.7281,0.7204,18.9867,7.6119,9.8489,12.4576,9.8244,9.6112,0.0712,4.9228,False,False,False,False,2026-10-03T12:00:00+00:00,2026-10-03T20:35:20.283773+00:00
401856820,2026-10-03 11:00 PM ET,Cincinnati,Arizona,Arizona,0.3012,0.6988,23.9412,32.2631,8.3219,56.2043,0.3012,4.8,0.7003,0.6732,0.7187,0.6613,0.7078,0.6988,9.1374,7.4799,8.8737,7.741,8.2585,8.3219,0.0241,0.8196,False,False,False,False,2026-10-03T12:00:00+00:00,2026-10-03T20:35:20.283773+00:00
401864513,2026-10-03 11:59 PM ET,San José State,Hawai'i,Hawai'i,0.4445,0.5555,24.5917,26.7654,2.1737,51.3571,0.4445,1.2,0.6753,0.6399,0.5202,0.5248,0.532,0.5555,7.9868,5.9676,1.305,-0.6982,2.1031,2.1737,0.0735,4.0243,False,False,False,False,2026-10-03T12:00:00+00:00,2026-10-03T20:35:20.283773+00:00
