tid,team,division_2026,games_played,wins,losses,ppg,opp_ppg,avg_margin,home_avg_margin,n_home,away_avg_margin,n_away,last3_margins,last5_margins,last3_vs_expect,sos_opp_net_rating,sos_opp_elo,elo,net_pts_rating,raw_ypp,raw_epa_pp,raw_success_rate,raw_explosive_rate,third_down_pct,rz_td_rate,pts_per_scoring_opp,turnovers_lost_pg,takeaways_pg,sacks_pg,tfl_pg,fg_made,fg_att,avg_start_field_pos,penalty_yds_pg,qb_recent_starter,qb_starts,qb_att,qb_cmp_pct,qb_ypa,qb_td,qb_int,qb_share_of_team_att,qb_changed_last_game,qb_starter_sequence,injuries,turnover_margin_pg,adj_epa_pp_def,adj_expl_def,adj_pass_epa_def,adj_pass_sr_def,adj_ppo_def,adj_pts_def,adj_pts_per_drive_def,adj_rush_epa_def,adj_rush_sr_def,adj_sack_rate_def,adj_sr_def,adj_start_fp_def,adj_to_rate_def,adj_ypp_def,adj_epa_pp_off,adj_expl_off,adj_pass_epa_off,adj_pass_sr_off,adj_ppo_off,adj_pts_off,adj_pts_per_drive_off,adj_rush_epa_off,adj_rush_sr_off,adj_sack_rate_off,adj_sr_off,adj_start_fp_off,adj_to_rate_off,adj_ypp_off
79,Southern Illinois,FCS,5,3,2,28.6,25.2,3.4,14.0,1,0.75,4,"14,-38,40","-3,4,14,-38,40",6.8166,-2.1386,1162.9728,1321.4212,3.5364,5.9903,0.0477,0.3849,0.1368,0.4,0.5909,3.9417,1.8,2.2,2.0,6.0,8.0,13.0,33.1249,35.6,DJ Williams,3,88.0,0.5682,7.7841,4.0,2.0,0.6027,False,Jake Curry > Jake Curry > DJ Williams > DJ Williams > DJ Williams,Data unavailable (ESPN college injury feed returned no entries; no depth chart published),0.4,0.0385,0.0029,0.0507,0.0128,0.0432,-2.1246,-0.0451,0.045,0.0005,0.0026,0.0114,-0.5014,0.0091,0.3512,0.0071,0.0028,0.0023,-0.0229,0.1482,1.4119,0.1077,0.027,0.01,-0.0136,-0.0042,2.2755,-0.0004,0.155
2046,Austin Peay,FCS,5,4,1,36.0,16.0,20.0,32.3333,3,1.5,2,"56,22,23","18,-19,56,22,23",16.7589,-1.2247,1245.0639,1374.4841,10.7198,8.3702,0.4264,0.4498,0.2039,0.3636,0.7647,3.9167,0.6,1.4,2.2,7.0,2.0,4.0,30.1462,37.0,Chris Parson,5,94.0,0.6596,11.5638,7.0,1.0,1.0,False,Chris Parson > Chris Parson > Chris Parson > Chris Parson > Chris Parson,Data unavailable (ESPN college injury feed returned no entries; no depth chart published),0.8,-0.0556,-0.0114,-0.0644,0.0093,0.2731,-7.391,-0.3141,-0.0681,-0.0092,-0.0008,-0.0044,-2.9122,-0.0029,-0.1909,0.1785,0.0335,0.1276,0.0123,-0.1305,3.3288,0.1722,0.2624,0.0173,0.0406,0.0131,-0.2164,-0.0075,1.1493
2296,Jackson State,FCS,4,4,0,42.0,15.5,26.5,34.6667,3,2.0,1,"52,34,18","2,52,34,18",4.7245,-24.8897,957.6581,1375.9506,-2.4432,7.995,0.3732,0.4892,0.1672,0.5417,0.7,4.3851,0.25,0.5,3.0,7.0,7.0,10.0,31.6875,66.25,Jared Lockhart,4,99.0,0.6768,11.6263,11.0,0.0,1.0,False,Jared Lockhart > Jared Lockhart > Jared Lockhart > Jared Lockhart,Data unavailable (ESPN college injury feed returned no entries; no depth chart published),0.25,-0.0119,-0.0046,0.0068,0.0092,-0.3168,0.0855,0.0164,-0.0864,0.0067,0.0085,0.0088,1.1964,-0.0086,-0.0202,-0.053,0.0046,0.0652,0.0086,-0.08,-2.3576,0.1199,-0.1509,-0.0116,-0.0066,0.003,-0.5914,-0.0031,0.3767
36,Colorado State,FBS,4,2,2,40.25,34.25,6.0,12.6667,3,-14.0,1,"34,-18,-14","22,34,-18,-14",-0.6069,14.2038,1502.4179,1385.7505,14.578,6.8996,0.2383,0.4381,0.1159,0.459,0.7333,4.9167,0.75,2.5,1.5,5.25,4.0,5.0,30.6909,35.5,K'saan Farrar,2,69.0,0.6087,6.0,2.0,2.0,0.5227,False,Hauss Hejny > Hauss Hejny > K'saan Farrar > K'saan Farrar,Data unavailable (ESPN college injury feed returned no entries; no depth chart published),1.75,0.0376,0.0118,0.1103,0.0259,0.0303,-3.4379,0.0155,0.0302,0.0051,0.0072,0.0089,-1.8467,0.0094,0.6628,0.1208,0.0001,0.1306,0.0393,0.9237,11.1401,0.4673,0.1111,0.0311,-0.0202,0.0362,1.2627,-0.0038,0.7708
2226,Florida Atlantic,FBS,4,3,1,30.0,30.75,-0.75,7.0,2,-8.5,2,"8,6,28","-45,8,6,28",14.3205,15.4041,1465.829,1477.532,13.7046,5.4759,0.1097,0.4375,0.0752,0.5,0.5625,3.8238,0.75,1.5,1.25,5.0,5.0,7.0,31.0076,73.25,Caden Veltkamp,4,159.0,0.7233,7.4214,8.0,2.0,1.0,False,Caden Veltkamp > Caden Veltkamp > Caden Veltkamp > Caden Veltkamp,Data unavailable (ESPN college injury feed returned no entries; no depth chart published),0.75,-0.0089,0.0093,-0.0425,-0.0468,-0.2574,-5.5635,-0.0161,0.0021,-0.0377,0.0056,-0.0438,-2.1713,0.0047,0.0189,0.0823,-0.0112,0.0422,0.0574,0.414,8.1412,0.5169,0.1247,0.0295,-0.0217,0.0449,1.4765,-0.0011,0.44
2803,Bryant,FCS,4,3,1,19.75,20.5,-0.75,7.0,1,-3.3333,3,"-56,28,7","18,-56,28,7",-3.6885,-5.5513,1170.6311,1182.6994,-6.6888,4.7573,0.1653,0.4405,0.0867,0.34,0.75,4.825,0.25,0.75,1.0,3.5,3.0,4.0,28.0744,59.25,Brennan Myer,4,87.0,0.5517,6.3448,2.0,1.0,1.0,False,Brennan Myer > Brennan Myer > Brennan Myer > Brennan Myer,Data unavailable (ESPN college injury feed returned no entries; no depth chart published),0.5,0.0934,0.0232,-0.0579,0.0242,-0.4676,-0.9179,0.1719,0.1156,0.0724,-0.028,0.0581,1.262,-0.0084,0.7028,-0.025,-0.0303,-0.0449,-0.0299,0.4508,-7.6067,-0.2896,-0.0033,-0.0121,-0.0163,-0.02,-1.6612,-0.0039,-0.9545
2428,North Carolina Central,FCS,5,2,3,23.2,31.2,-8.0,14.5,2,-23.0,3,"8,-24,-33","-12,21,8,-24,-33",-4.1257,-8.525,1147.5216,1154.5512,-11.304,5.0669,-0.0264,0.3361,0.1143,0.3231,0.4737,3.7933,1.6,2.6,2.2,4.8,9.0,10.0,31.8548,60.4,Cobey Thompkins,1,15.0,0.5333,7.2,1.0,2.0,0.1531,True,Nelson Layne > Nelson Layne > Nelson Layne > Nelson Layne > Cobey Thompkins,Data unavailable (ESPN college injury feed returned no entries; no depth chart published),1.0,0.1131,0.0295,0.1138,0.0302,0.553,4.76,0.2791,0.1022,0.0264,-0.0007,0.0328,1.4256,0.0024,0.8748,-0.1002,-0.0092,-0.1583,-0.0358,-0.0752,-6.5439,-0.3286,-0.0252,-0.0606,0.0608,-0.0516,0.2122,0.0036,-0.6545
2198,Eastern Kentucky,FCS,4,1,3,16.0,32.0,-16.0,1.0,2,-33.0,2,"-42,5,-3","-24,-42,5,-3",-12.5323,-1.0381,1317.8693,1168.19,-12.0552,6.3924,-0.0465,0.4137,0.145,0.3265,0.6667,2.95,2.0,0.5,1.0,4.5,1.0,5.0,24.0611,90.5,Jordyn Potts,1,36.0,0.6389,7.5833,1.0,0.0,0.3214,True,Tyler Travers > Tyler Travers > Tyler Travers > Jordyn Potts,Data unavailable (ESPN college injury feed returned no entries; no depth chart published),-1.5,0.0231,0.0109,0.0462,0.0218,0.2751,2.222,0.4834,0.0049,0.0131,-0.0218,0.0151,0.649,-0.007,0.3102,-0.1323,-0.0029,-0.2278,0.0182,-0.5347,-9.8332,-0.7091,-0.1278,-0.0615,0.0168,-0.0265,-3.4507,0.0082,-0.2771
2127,Charleston Southern,FCS,4,2,2,27.0,17.75,9.25,65.0,1,-9.3333,3,"-31,6,65","-3,-31,6,65",12.2932,-11.2183,1130.7777,1171.881,-3.1095,5.3686,-0.0668,0.4015,0.1177,0.3962,0.8,3.0643,1.5,0.75,1.5,6.0,3.0,3.0,31.7792,44.75,Jared Echols,1,10.0,0.6,8.1,0.0,0.0,0.1282,True,Lek Powell > Lek Powell > Lek Powell > Jared Echols,Data unavailable (ESPN college injury feed returned no entries; no depth chart published),-0.75,-0.0185,-0.0074,0.059,-0.023,-0.2596,-4.8028,-0.1485,-0.0751,-0.0089,-0.0107,-0.0108,-0.1049,-0.0037,-0.2898,-0.1519,-0.0127,-0.1506,-0.0957,-0.9765,-7.9123,-0.4825,-0.146,-0.0132,0.0601,-0.0493,-0.5482,0.0029,-0.7708
2617,Stephen F. Austin,FCS,5,5,0,40.4,13.0,27.4,43.0,2,17.0,3,"19,21,49","11,37,19,21,49",12.9392,-9.7761,1113.8063,1498.7233,13.0129,7.4691,0.2405,0.4666,0.1663,0.4754,0.5238,4.219,1.8,2.4,3.8,8.8,7.0,10.0,35.7281,51.4,Gavin Rutherford,5,129.0,0.6589,9.2791,12.0,5.0,1.0,False,Gavin Rutherford > Gavin Rutherford > Gavin Rutherford > Gavin Rutherford > Gavin Rutherford,Data unavailable (ESPN college injury feed returned no entries; no depth chart published),0.6,-0.1167,0.0059,-0.0936,-0.0313,-0.3344,-7.9762,-0.4737,-0.1612,-0.0212,0.0277,-0.0256,-2.2953,0.0074,-0.5388,0.0579,0.0148,0.1271,0.0142,0.063,5.0368,0.2688,-0.0155,0.0124,-0.0124,0.0172,3.3761,-0.0006,0.7133
2717,Western Carolina,FCS,6,2,3,27.1667,30.5,-3.3333,34.0,2,-22.0,4,"-52,44,-27","0,-9,-52,44,-27",-8.2336,-4.0494,1267.4995,1229.0495,-4.6744,5.975,0.1279,0.4032,0.1196,0.4459,0.7,4.5867,0.4,1.2,2.4,6.4,8.0,9.0,30.8409,59.4,Lex Thomas,5,176.0,0.6534,7.0568,6.0,0.0,1.0,False,Lex Thomas > Lex Thomas > Lex Thomas > Lex Thomas > Lex Thomas,Data unavailable (ESPN college injury feed returned no entries; no depth chart published),0.8,0.1585,0.0214,0.1209,0.047,1.1101,2.9362,0.7699,0.2147,0.034,-0.0084,0.0422,0.7496,0.0022,0.8539,-0.0149,-0.0076,-0.0777,-0.008,0.3543,-1.7382,0.188,0.0415,-0.0229,0.0146,-0.015,0.6249,-0.0048,-0.1544
245,Texas A&M,FBS,4,2,2,31.25,21.5,9.75,22.6667,3,-29.0,1,"28,-10,-29","50,28,-10,-29",-14.0694,23.9716,1577.3024,1622.4037,29.6345,4.6169,0.0359,0.4104,0.0961,0.3966,0.6667,4.1726,1.5,1.75,1.0,4.25,6.0,6.0,32.3717,33.5,Marcel Reed,4,130.0,0.5538,5.6769,6.0,4.0,1.0,False,Marcel Reed > Marcel Reed > Marcel Reed > Marcel Reed,Data unavailable (ESPN college injury feed returned no entries; no depth chart published),0.25,-0.1538,-0.0138,-0.064,-0.0632,-0.575,-16.72,-0.8647,-0.216,-0.1112,-0.0024,-0.0895,-2.4804,0.004,-0.7295,0.1494,0.0136,0.1475,0.0443,0.8124,12.9145,0.8665,0.1676,0.0853,-0.0125,0.0619,3.5764,-0.0056,0.4999
2628,TCU,FBS,4,2,2,29.25,12.5,16.75,40.0,2,-8.0,1,"56,24,-8","-5,56,24,-8",8.1154,12.3447,1403.3615,1584.0824,25.9012,6.8618,0.1291,0.459,0.123,0.434,0.6111,3.5099,1.75,1.5,2.25,5.0,4.0,5.0,32.6041,67.75,Jaden Craig,4,132.0,0.6818,9.1894,7.0,3.0,1.0,False,Jaden Craig > Jaden Craig > Jaden Craig > Jaden Craig,Data unavailable (ESPN college injury feed returned no entries; no depth chart published),-0.25,-0.1656,-0.0332,-0.0957,-0.0305,-0.5908,-16.8059,-1.0193,-0.2364,-0.0897,0.0215,-0.0619,-3.2812,0.0007,-0.9991,0.1278,0.0172,0.2856,0.0739,0.3065,9.0953,0.6534,-0.0306,0.052,-0.0161,0.0595,2.6654,0.0031,1.0907
242,Rice,FBS,4,1,3,19.0,30.25,-11.25,10.5,2,-33.0,2,"-52,-7,-14","28,-52,-7,-14",-4.4659,19.3911,1521.6812,1339.1276,8.982,5.2978,-0.025,0.411,0.1058,0.36,0.5556,3.4821,1.5,0.5,1.25,5.25,2.0,5.0,23.3972,38.0,Jacurri Brown,4,53.0,0.566,6.0755,3.0,1.0,1.0,False,Jacurri Brown > Jacurri Brown > Jacurri Brown > Jacurri Brown,Data unavailable (ESPN college injury feed returned no entries; no depth chart published),-1.0,0.0002,0.0028,-0.0746,-0.028,-0.2018,-7.2983,-0.2878,0.0367,-0.0068,0.0015,-0.0191,-0.0697,-0.0027,-0.2509,0.0162,-0.0013,-0.0994,-0.0517,0.1778,1.6838,0.2668,0.0806,0.03,0.0018,0.0125,-1.8365,0.005,0.0309
2627,Tarleton State,FCS,4,4,0,35.25,21.75,13.5,22.0,2,5.0,2,"7,3,25","19,7,3,25",1.5489,-5.12,1196.5944,1496.8748,7.8059,7.8853,0.3683,0.4878,0.1439,0.4091,0.4375,4.0833,0.25,1.25,0.5,4.75,5.0,8.0,29.8428,60.75,Kaden Anderson,4,125.0,0.656,9.6,8.0,0.0,1.0,False,Kaden Anderson > Kaden Anderson > Kaden Anderson > Kaden Anderson,Data unavailable (ESPN college injury feed returned no entries; no depth chart published),1.0,0.0114,0.0188,0.0949,0.0305,-0.1211,-2.3703,0.1126,-0.0601,0.0127,-0.0167,0.0164,-2.4277,0.0013,0.5353,0.155,0.0077,0.2443,0.0687,0.2951,5.4356,0.3319,0.0624,0.004,-0.0133,0.0357,0.2799,-0.0044,1.0869
108,Harvard,OTHER,2,2,0,22.5,8.5,14.0,,0,14.0,2,"24,4","24,4",14.9373,-13.8998,1160.4442,1414.2436,-2.5956,4.4791,0.0685,0.4102,0.0713,0.3077,0.7143,3.381,1.5,3.5,4.5,7.5,1.0,3.0,33.4929,50.0,Charlie Smith,2,56.0,0.7321,4.9286,3.0,2.0,1.0,False,Charlie Smith > Charlie Smith,Data unavailable (ESPN college injury feed returned no entries; no depth chart published),2.0,-0.1034,-0.0132,-0.1357,-0.0009,-0.2976,-3.0066,-0.1409,-0.0574,0.0248,0.0015,0.0101,0.8592,0.0102,-0.2205,-0.0235,-0.0159,-0.0693,-0.017,-0.1182,-5.6023,-0.1582,-0.0051,-0.0202,-0.0011,-0.017,0.9192,-0.0002,-0.5636
2287,Illinois State,FCS,5,4,1,43.0,15.0,28.0,56.0,2,9.3333,3,"4,36,-7","76,31,4,36,-7",-3.6922,-9.9408,1123.0154,1453.9224,12.7119,6.0523,0.2688,0.4745,0.1421,0.6271,0.6667,4.8264,1.25,0.75,1.25,4.75,2.0,2.0,28.9679,66.5,Gage Roy,3,81.0,0.7037,6.3086,6.0,0.0,0.7864,False,Beckham Pellant > Gage Roy > Gage Roy > Gage Roy,Data unavailable (ESPN college injury feed returned no entries; no depth chart published),-0.5,0.0143,-0.0197,0.0501,0.0059,-0.0355,-6.9298,-0.1673,-0.0033,0.0072,-0.0043,0.0073,-3.1253,0.0024,-0.1657,0.085,-0.0021,0.1284,0.03,0.503,5.7821,0.4869,0.0709,0.0345,-0.0023,0.0277,0.7344,-0.0015,-0.0802
2837,East Texas A&M,FCS,5,1,4,16.8,30.0,-13.2,24.0,1,-22.5,4,"24,-42,-3","-8,-37,24,-42,-3",-0.093,-1.2451,1231.5766,1043.0342,-10.6995,6.0414,0.0029,0.4022,0.1377,0.3134,0.4,2.5167,2.4,0.8,1.0,4.6,2.0,3.0,26.5026,63.6,Eric Rodriguez,3,69.0,0.5362,8.3188,4.0,6.0,0.6216,True,Eric Rodriguez > Eric Rodriguez > Jack Jacobs > Jack Jacobs > Eric Rodriguez,Data unavailable (ESPN college injury feed returned no entries; no depth chart published),-1.6,-0.0118,-0.0104,-0.0082,-0.0393,-0.0191,2.6674,0.1326,-0.0013,0.057,-0.0106,0.0129,3.0132,-0.006,-0.1167,-0.1168,0.0007,-0.1815,-0.0127,-0.6719,-8.0321,-0.5584,-0.0574,-0.0016,0.0105,-0.0096,-1.8846,0.0104,-0.0097
2582,Southern,FCS,5,2,3,24.8,37.6,-12.8,19.0,2,-44.5,2,"-71,19,-18","-13,19,-71,19,-18",-5.351,-7.3484,1225.282,1022.8748,-19.0578,4.9064,-0.034,0.3542,0.1031,0.3134,0.8,4.6167,0.8,0.8,2.0,5.75,3.0,4.0,28.1364,52.8,Christian Johnson,5,118.0,0.5847,6.1695,6.0,1.0,1.0,False,Christian Johnson > Christian Johnson > Christian Johnson > Christian Johnson > Christian Johnson,Data unavailable (ESPN college injury feed returned no entries; no depth chart published),0.0,0.0899,0.0032,0.0894,0.0125,0.5645,9.261,0.6392,0.1211,0.0652,-0.0067,0.0373,3.8873,-0.0064,0.3862,-0.1314,-0.0227,-0.0856,-0.0514,-0.1064,-9.7968,-0.5156,-0.1376,-0.0722,-0.0053,-0.063,-2.6474,0.0051,-0.9366
2320,Lamar,FCS,4,3,1,25.0,21.75,3.25,7.0,1,2.0,3,"-31,6,31","7,-31,6,31",9.0795,-1.4292,1236.2617,1319.1039,0.9339,5.7717,0.1704,0.4265,0.1065,0.4167,0.7,2.8188,1.75,1.5,1.75,5.25,3.0,6.0,31.2057,52.5,Aiden McCown,4,99.0,0.5859,7.0707,7.0,4.0,1.0,False,Aiden McCown > Aiden McCown > Aiden McCown > Aiden McCown,Data unavailable (ESPN college injury feed returned no entries; no depth chart published),-0.25,-0.035,0.004,-0.0244,-0.0301,-0.0107,-6.066,-0.1528,-0.0381,0.0006,-0.0042,-0.0151,-0.15,-0.0036,-0.3312,0.0131,-0.0104,0.116,0.0095,-0.6474,-5.1322,-0.3689,0.0002,-0.032,0.0054,-0.0177,0.6565,-0.001,-0.2988
2277,Houston Christian,FCS,5,2,3,32.4,30.4,2.0,88.0,1,-19.5,4,"88,-7,-49","6,-28,88,-7,-49",11.2926,-4.7402,1252.4064,1056.196,-4.4403,7.272,0.0529,0.4028,0.1957,0.3333,0.6429,4.11,1.2,1.8,1.8,5.8,7.0,7.0,33.7713,48.6,Cutter Stewart,5,82.0,0.4878,7.4512,7.0,2.0,1.0,False,Cutter Stewart > Cutter Stewart > Cutter Stewart > Cutter Stewart > Cutter Stewart,Data unavailable (ESPN college injury feed returned no entries; no depth chart published),0.6,0.0364,-0.0084,0.0059,0.0074,0.0666,0.4224,0.1223,0.0705,0.0714,-0.0099,0.0451,1.6154,0.0031,-0.0702,-0.0966,0.0237,-0.1977,-0.0408,-0.3226,-4.0179,-0.3689,0.0492,-0.0163,-0.0041,-0.0341,0.7968,0.0001,0.3167
324,Coastal Carolina,FBS,4,1,3,25.0,23.5,1.5,10.5,2,-7.5,2,"38,-8,-17","-7,38,-8,-17",-5.6589,10.1253,1358.3289,1325.7138,11.324,6.092,0.1946,0.4044,0.1475,0.3878,0.7143,3.7375,1.5,1.75,2.5,5.0,3.0,3.0,28.6243,64.25,Deuce Bailey,4,122.0,0.541,8.5164,10.0,2.0,1.0,False,Deuce Bailey > Deuce Bailey > Deuce Bailey > Deuce Bailey,Data unavailable (ESPN college injury feed returned no entries; no depth chart published),0.25,-0.0627,-0.0165,0.0393,0.0185,-0.6065,-8.3141,-0.3773,-0.0907,-0.0156,0.0042,-0.0035,-1.1373,0.0016,-0.1553,0.0966,0.0206,0.0435,-0.0334,0.3453,3.0099,0.1543,0.1375,0.0445,0.0064,0.0045,0.3421,-0.0053,0.352
6,South Alabama,FBS,4,2,2,31.25,30.75,0.5,15.0,2,-14.0,2,"-4,5,-24","25,-4,5,-24",0.0047,14.4719,1501.5447,1441.3122,14.4138,5.7651,0.1324,0.4171,0.1221,0.4677,0.5882,4.1188,0.5,1.5,1.75,4.25,6.0,8.0,30.7075,58.5,Jared Hollins,2,63.0,0.5714,7.2698,3.0,2.0,0.5164,False,Bishop Davenport > Bishop Davenport > Jared Hollins > Jared Hollins,Data unavailable (ESPN college injury feed returned no entries; no depth chart published),1.0,0.0019,0.0044,-0.0708,-0.0036,0.2101,-6.1891,0.0009,0.0822,-0.0156,-0.0033,-0.0079,-0.6308,0.0048,0.2917,0.1116,0.0059,0.1506,0.0265,0.5697,8.2247,0.624,0.1308,0.0325,-0.024,0.0277,1.5923,-0.0068,0.3635
38,Colorado,FBS,4,2,2,21.5,24.5,-3.0,31.0,1,-14.3333,3,"31,-34,-10","1,31,-34,-10",-7.1451,15.6266,1459.2573,1394.6365,16.408,6.2951,0.0538,0.4142,0.1409,0.3509,0.4545,2.8667,1.75,1.25,2.0,8.0,3.0,5.0,26.981,82.25,Isaac Wilson,1,25.0,0.48,6.24,1.0,0.0,0.2404,True,Julian Lewis > Julian Lewis > Julian Lewis > Isaac Wilson,Data unavailable (ESPN college injury feed returned no entries; no depth chart published),-0.5,-0.104,-0.0209,0.0267,-0.0499,-0.6943,-12.8102,-0.7941,-0.1731,-0.0615,0.0135,-0.0667,-0.8262,-0.0001,-1.1943,0.0676,0.0206,0.1625,0.0281,0.1028,3.5978,0.1802,-0.0024,0.0311,0.0084,0.0298,-0.2418,0.0014,0.7065
228,Clemson,FBS,4,3,1,21.0,22.0,-1.0,11.5,2,-13.5,2,"15,8,14","-41,15,8,14",6.9942,21.1484,1506.0337,1645.2306,21.599,5.0036,-0.1493,0.3221,0.1049,0.2727,0.3636,4.119,1.75,1.5,2.0,4.25,10.0,11.0,28.2062,57.25,Tait Reynolds,3,78.0,0.641,6.3974,1.0,2.0,0.8298,False,Christopher Vizzina > Tait Reynolds > Tait Reynolds > Tait Reynolds,Data unavailable (ESPN college injury feed returned no entries; no depth chart published),-0.25,-0.2115,-0.0226,-0.3534,-0.0995,-1.4657,-14.9486,-0.9455,-0.055,-0.0379,0.009,-0.0716,-4.6253,0.002,-1.3371,0.014,0.0138,-0.0086,0.0215,0.783,6.6503,0.3975,0.0303,-0.0064,-0.0071,0.0108,1.0985,0.0032,0.5697
30,USC,FBS,5,4,1,39.8,26.4,13.4,15.0,4,7.0,1,"19,7,-14","16,39,19,7,-14",-8.3852,20.0553,1523.4501,1688.5308,29.2374,7.3442,0.235,0.5533,0.1557,0.5614,0.6786,4.7929,1.0,0.8,1.6,4.0,4.0,5.0,30.4556,54.2,Jayden Maiava,5,157.0,0.7006,9.5478,14.0,2.0,1.0,False,Jayden Maiava > Jayden Maiava > Jayden Maiava > Jayden Maiava > Jayden Maiava,Data unavailable (ESPN college injury feed returned no entries; no depth chart published),-0.2,-0.1166,-0.0299,-0.1054,-0.0299,0.0036,-12.3596,-0.2883,-0.1118,-0.0595,-0.0031,-0.0501,-5.103,-0.0016,-0.7649,0.205,0.0453,0.4118,0.1741,1.2114,16.8778,1.5514,0.0097,0.0798,-0.0327,0.1259,1.9716,-0.005,1.7572
68,Boise State,FBS,4,3,1,33.75,21.25,12.5,16.0,2,9.0,2,"18,14,25","-7,18,14,25",8.9075,21.1622,1577.1026,1705.7976,28.6313,6.3345,0.2516,0.4925,0.1259,0.5091,0.6471,4.606,0.5,1.25,1.5,6.0,5.0,6.0,24.7958,52.25,Maddux Madsen,4,111.0,0.6306,7.3333,9.0,0.0,1.0,False,Maddux Madsen > Maddux Madsen > Maddux Madsen > Maddux Madsen,Data unavailable (ESPN college injury feed returned no entries; no depth chart published),0.75,-0.1841,-0.0099,-0.1983,-0.088,-0.8384,-16.7223,-0.8147,-0.2247,-0.1074,0.0111,-0.095,-1.6052,0.0023,-0.4066,0.1673,0.0169,0.1752,0.0605,0.6029,11.909,0.8004,0.1767,0.0984,-0.0257,0.0827,-0.157,-0.0061,0.9571
58,South Florida,FBS,4,4,0,30.0,14.0,16.0,26.0,2,6.0,2,"4,42,8","10,4,42,8",0.4434,6.9262,1375.8456,1667.0915,24.4209,5.848,0.1962,0.5193,0.1194,0.45,0.7692,5.3333,0.75,1.25,1.75,8.25,5.0,6.0,31.8861,28.75,Michael Van Buren Jr.,4,91.0,0.6593,7.5934,3.0,0.0,1.0,False,Michael Van Buren Jr. > Michael Van Buren Jr. > Michael Van Buren Jr. > Michael Van Buren Jr.,Data unavailable (ESPN college injury feed returned no entries; no depth chart published),0.5,-0.0797,-0.0235,0.0663,0.0071,-0.5758,-14.0377,-0.7887,-0.1571,-0.0499,0.0108,-0.026,-3.0413,0.0021,-0.6649,0.1922,0.0145,0.1869,0.0739,1.3076,10.3832,0.8383,0.2108,0.1001,0.0065,0.0899,1.4206,-0.0052,0.7603
2348,Louisiana Tech,FBS,3,1,2,37.6667,29.0,8.6667,74.0,1,-24.0,2,"74,-31,-17","74,-31,-17",5.6335,9.3151,1369.6476,1436.5002,18.6962,6.3474,0.1752,0.3629,0.1591,0.4146,0.6667,2.9545,1.6667,2.3333,3.3333,11.0,1.0,3.0,36.1508,48.6667,Trey Kukuk,1,44.0,0.5682,5.0682,1.0,1.0,0.557,True,Blake Baker > Blake Baker > Trey Kukuk,Data unavailable (ESPN college injury feed returned no entries; no depth chart published),0.6667,-0.108,-0.0118,-0.0903,-0.0515,-0.1427,-8.7864,-0.444,-0.0846,-0.1041,0.0216,-0.0817,-0.0794,0.005,-0.5128,0.0983,0.0259,0.1586,0.0084,-0.0615,9.9098,0.2886,0.0366,0.0153,0.0074,0.0099,3.0882,0.0,0.649
99,LSU,FBS,4,3,1,38.75,15.5,23.25,33.6667,3,-8.0,1,"31,-8,29","41,31,-8,29",10.0425,24.63,1615.0897,1722.1642,36.0229,7.1617,0.2721,0.4714,0.1723,0.5161,0.6522,4.6116,1.75,1.75,4.75,8.25,5.0,7.0,34.1191,61.25,Sam Leavitt,4,116.0,0.6379,9.0,5.0,6.0,1.0,False,Sam Leavitt > Sam Leavitt > Sam Leavitt > Sam Leavitt,Data unavailable (ESPN college injury feed returned no entries; no depth chart published),0.0,-0.2936,-0.0392,-0.327,-0.1215,-0.823,-21.0854,-1.1468,-0.2486,-0.1571,0.0645,-0.1335,-4.2113,0.0097,-2.0848,0.2095,0.0369,0.2408,0.0923,0.9869,14.9376,1.0262,0.1634,0.0674,-0.0123,0.0816,3.9265,0.0014,1.3207
164,Rutgers,FBS,4,1,3,33.75,28.5,5.25,9.3333,3,-7.0,1,"-7,-7,51","-16,-7,-7,51",9.0943,9.773,1380.2814,1373.7417,15.206,7.1172,0.0776,0.4979,0.1478,0.4348,0.6842,3.9583,2.5,1.5,1.25,3.75,3.0,3.0,31.0076,32.0,Dylan Lonergan,3,82.0,0.561,8.6341,7.0,5.0,0.7523,False,Dylan Lonergan > AJ Surace > Dylan Lonergan > Dylan Lonergan,Data unavailable (ESPN college injury feed returned no entries; no depth chart published),-1.0,-0.0075,0.02,-0.013,-0.0109,-0.3103,-5.7755,0.0498,0.0083,0.0277,-0.0027,0.0087,-1.3561,0.0028,0.4045,0.0979,0.0235,0.1223,0.0835,0.3292,9.4306,0.8543,0.0765,0.0778,-0.0051,0.0787,1.7818,0.0061,1.064
2000,Abilene Christian,FCS,5,1,4,17.8,30.6,-12.8,-18.0,2,-9.3333,3,"-19,2,-17","-7,-23,-19,2,-17",-13.897,8.2978,1419.6473,1213.5778,-2.0464,5.2619,0.0488,0.4065,0.1222,0.403,0.6364,2.719,2.0,0.8,1.0,4.0,4.0,7.0,27.6294,51.0,Tucker Parks,2,49.0,0.6122,7.0,2.0,3.0,0.3403,False,John David Black > John David Black > John David Black > Tucker Parks > Tucker Parks,Data unavailable (ESPN college injury feed returned no entries; no depth chart published),-1.2,0.0278,-0.0149,0.0544,0.0023,0.4094,-2.197,0.3198,0.002,0.0195,-0.0174,0.0133,-1.6932,-0.0041,-0.0578,0.0052,-0.0032,-0.0459,0.0195,-0.352,-4.2434,-0.2053,0.0343,0.0023,0.0051,0.0155,-1.4811,0.0021,-0.1133
13,Cal Poly,FCS,5,3,2,29.6,29.2,0.4,2.6667,3,-3.0,2,"-10,-3,4","4,7,-10,-3,4",5.9789,-7.9553,1136.0425,1168.9822,-7.2563,6.5993,0.1176,0.4766,0.1565,0.4375,0.5625,2.919,1.2,1.0,1.8,3.6,3.0,6.0,32.6204,30.4,Anthony Grigsby Jr.,5,150.0,0.6133,7.64,13.0,4.0,1.0,False,Anthony Grigsby Jr. > Anthony Grigsby Jr. > Anthony Grigsby Jr. > Anthony Grigsby Jr. > Anthony Grigsby Jr.,Data unavailable (ESPN college injury feed returned no entries; no depth chart published),-0.2,0.0522,-0.0052,0.1412,0.0572,0.3598,2.5453,0.387,-0.0014,0.0631,-0.0048,0.0543,-1.1855,-0.0033,0.4471,-0.0427,0.0105,0.0228,0.0077,-0.7626,-4.711,-0.364,-0.1015,0.0022,-0.0075,0.001,0.3038,0.0019,-0.0103
304,Idaho State,FCS,4,4,0,38.5,17.0,21.5,35.0,2,8.0,2,"12,42,4","28,12,42,4",14.8185,-8.3363,1168.6648,1414.2348,7.2832,6.437,0.1298,0.4341,0.126,0.375,0.6154,3.6116,1.5,2.5,2.25,7.125,7.0,11.0,32.0208,46.5,Jordan Cooke,4,113.0,0.5841,8.9469,10.0,2.0,1.0,False,Jordan Cooke > Jordan Cooke > Jordan Cooke > Jordan Cooke,Data unavailable (ESPN college injury feed returned no entries; no depth chart published),1.0,-0.0025,-0.0091,-0.0914,-0.029,-0.4229,-4.3955,-0.1517,0.0779,0.0234,0.0197,0.0031,-1.4126,0.0057,-0.3308,0.0095,-0.0073,0.0092,-0.008,-0.1814,2.8877,0.0879,-0.0455,0.0177,-0.0145,0.0037,1.014,-0.0026,-0.0308
3101,Utah Tech,FCS,5,0,5,11.4,44.8,-33.4,-33.0,2,-33.6667,3,"-21,-12,-24","-54,-56,-21,-12,-24",-0.5867,7.4001,1457.3221,958.2695,-19.5223,3.9998,-0.2137,0.3327,0.0598,0.3088,0.4,2.0314,2.2,0.4,0.8,3.0,3.0,7.0,26.0403,50.4,Bronson Barben,5,145.0,0.5379,5.9586,2.0,5.0,1.0,False,Bronson Barben > Bronson Barben > Bronson Barben > Bronson Barben > Bronson Barben,Data unavailable (ESPN college injury feed returned no entries; no depth chart published),-1.8,0.1159,0.0287,0.1015,0.0428,0.7446,7.9204,0.6921,0.1336,0.054,-0.0113,0.0453,2.7191,-0.003,0.644,-0.2091,-0.0473,-0.3333,-0.1052,-1.0048,-11.6019,-0.8353,-0.0682,-0.02,-0.0065,-0.0643,-1.9034,0.0066,-1.277
309,Louisiana,FBS,4,3,1,30.75,19.25,11.5,19.0,2,4.0,2,"-19,7,27","31,-19,7,27",7.0346,10.5939,1399.0237,1509.6763,18.5288,5.5749,0.0799,0.4034,0.1071,0.3404,0.8667,5.1988,1.5,2.5,1.75,5.75,4.0,4.0,35.1735,53.25,Lunch Winfield,4,89.0,0.7303,7.4157,2.0,2.0,1.0,False,Lunch Winfield > Lunch Winfield > Lunch Winfield > Lunch Winfield,Data unavailable (ESPN college injury feed returned no entries; no depth chart published),1.0,-0.1956,-0.0336,-0.1736,-0.0403,-0.8418,-11.7015,-0.8313,-0.257,-0.0155,0.0005,-0.0303,-3.3006,0.0067,-1.1385,0.0435,0.0035,0.051,-0.0007,0.7875,6.8272,0.6998,0.0594,0.0219,-0.0142,0.0098,3.0667,-0.0017,0.2739
265,Washington State,FBS,4,1,3,22.25,24.75,-2.5,15.5,2,-20.5,2,"-27,41,-10","-14,-27,41,-10",-7.4461,16.0534,1539.8312,1475.447,16.6758,5.3352,-0.0136,0.3716,0.1038,0.2889,0.6667,2.4167,1.75,0.75,1.0,4.0,2.0,7.0,25.6682,55.5,Caden Pinnick,4,108.0,0.6111,5.963,3.0,4.0,1.0,False,Caden Pinnick > Caden Pinnick > Caden Pinnick > Caden Pinnick,Data unavailable (ESPN college injury feed returned no entries; no depth chart published),-1.0,-0.0687,-0.0127,-0.1665,-0.0616,-0.7217,-13.019,-0.5822,0.0284,-0.0223,0.0017,-0.0415,-1.2297,0.0001,-0.5619,0.0283,0.0041,-0.0142,0.0505,-0.1749,3.6568,0.0904,0.0471,0.0118,-0.001,0.0311,-0.8303,0.0037,0.4184
9,Arizona State,FBS,3,2,1,38.0,24.0,14.0,63.0,1,-28.0,1,"63,-28,7","63,-28,7",5.308,13.1808,1416.5032,1591.7615,24.7123,7.6752,0.1342,0.4774,0.19,0.3077,0.5714,2.6704,1.6667,1.3333,1.6667,4.3333,3.0,3.0,34.1713,49.6667,Cutter Boley,3,84.0,0.631,8.7619,9.0,2.0,1.0,False,Cutter Boley > Cutter Boley > Cutter Boley,Data unavailable (ESPN college injury feed returned no entries; no depth chart published),-0.3333,-0.1999,-0.0399,-0.2362,-0.0845,-0.321,-12.8942,-0.9266,-0.1514,-0.0354,0.0187,-0.0684,-1.0452,0.0015,-1.234,0.1017,0.0438,0.0945,0.0589,-0.0624,11.8181,0.4021,0.0876,0.0697,-0.0223,0.0697,2.2864,0.0013,1.3617
21,San Diego State,FBS,4,1,3,23.0,28.75,-5.75,10.0,2,-21.5,2,"-18,-13,-25","33,-18,-13,-25",-9.1047,18.0767,1508.609,1432.4598,15.932,5.1648,-0.1152,0.3318,0.0875,0.3273,0.6429,4.2188,2.0,1.25,1.5,3.5,3.0,3.0,29.2292,45.5,Jayden Denegal,4,98.0,0.5612,6.0918,5.0,5.0,1.0,False,Jayden Denegal > Jayden Denegal > Jayden Denegal > Jayden Denegal,Data unavailable (ESPN college injury feed returned no entries; no depth chart published),-0.75,-0.1553,-0.0352,-0.0988,-0.0264,-0.6768,-13.3603,-0.7581,-0.1697,-0.0369,0.0071,-0.0343,-1.25,-0.0007,-0.7453,-0.0324,-0.0088,-0.1432,-0.0209,0.4949,2.5716,-0.0036,0.0721,0.0093,-0.0084,0.0019,1.4574,0.0032,0.1518
302,UC Davis,FCS,5,3,2,31.4,33.2,-1.8,-1.0,2,-2.3333,3,"-46,38,-40","7,32,-46,38,-40",-21.6362,-5.569,1274.287,1351.5678,-3.8982,6.2347,0.093,0.4343,0.1442,0.3768,0.7222,3.8533,1.6,1.4,1.0,4.2,2.0,4.0,29.5209,51.2,Treynor Cleeland,5,166.0,0.5964,7.1627,10.0,3.0,1.0,False,Treynor Cleeland > Treynor Cleeland > Treynor Cleeland > Treynor Cleeland > Treynor Cleeland,Data unavailable (ESPN college injury feed returned no entries; no depth chart published),-0.2,0.1023,0.0213,0.1329,0.025,0.1871,2.0213,0.2625,0.0063,0.0231,-0.005,0.0266,-0.124,-0.003,0.6347,-0.0241,0.005,-0.1794,0.0134,-0.0151,-1.8769,-0.0704,0.142,0.0133,-0.0013,0.0126,0.2819,-0.001,0.1823
12,Arizona,FBS,4,3,1,32.0,19.0,13.0,26.5,2,-0.5,2,"-11,25,10","28,-11,25,10",4.3017,13.173,1448.269,1679.2286,25.5544,6.7907,0.2482,0.5234,0.1542,0.56,0.7143,4.0028,1.5,0.75,3.75,6.75,3.0,5.0,27.974,50.0,Noah Fifita,4,131.0,0.7557,8.6336,11.0,2.0,1.0,False,Noah Fifita > Noah Fifita > Noah Fifita > Noah Fifita,Data unavailable (ESPN college injury feed returned no entries; no depth chart published),-0.75,-0.1259,-0.0374,-0.1728,-0.0819,-0.8523,-14.9647,-0.7449,-0.0631,-0.0861,0.0115,-0.0806,-2.9408,-0.0014,-1.2718,0.1928,0.0279,0.2436,0.0978,0.4672,10.5898,0.7123,0.0934,0.0768,0.0094,0.0896,1.542,-0.0034,1.0749
62,Hawai'i,FBS,4,1,3,18.0,26.0,-8.0,-2.5,2,-13.5,2,"-15,10,-17","-10,-15,10,-17",-7.7645,12.2376,1439.9375,1391.9601,9.5172,5.0615,0.0417,0.395,0.0995,0.3971,0.4667,3.875,0.75,0.75,1.75,4.0,6.0,8.0,26.2212,46.75,Micah Alejado,4,181.0,0.6022,5.6354,3.0,1.0,1.0,False,Micah Alejado > Micah Alejado > Micah Alejado > Micah Alejado,Data unavailable (ESPN college injury feed returned no entries; no depth chart published),0.0,-0.0371,0.0021,-0.1163,-0.0065,0.0711,-7.9459,-0.2306,0.0339,0.0145,0.0033,0.0023,-2.9836,-0.0003,-0.0876,0.0586,-0.0042,0.0593,0.0157,0.4504,1.5712,0.1711,0.0291,0.032,-0.0068,0.0182,-0.4487,-0.0025,0.0216
2754,Youngstown State,FCS,5,3,2,38.6,24.6,14.0,36.3333,3,-19.5,2,"57,-7,19","33,-32,57,-7,19",18.0075,4.3181,1325.5437,1386.618,10.5259,7.4714,0.4861,0.5837,0.1704,0.5636,0.8333,5.1848,0.6,1.2,1.0,4.0,4.0,4.0,30.4483,56.0,Beau Brungard,5,139.0,0.741,8.7482,13.0,2.0,1.0,False,Beau Brungard > Beau Brungard > Beau Brungard > Beau Brungard > Beau Brungard,Data unavailable (ESPN college injury feed returned no entries; no depth chart published),0.6,0.0054,0.0266,0.0432,0.037,0.4441,-3.4444,0.1771,-0.038,0.045,-0.0199,0.0401,-1.7613,0.0048,0.4856,0.2759,0.0279,0.2842,0.1395,0.9014,7.0815,0.812,0.2387,0.0757,-0.0153,0.1031,0.5857,-0.0081,1.0624
2441,New Haven,FCS,5,1,4,11.8,26.6,-14.8,-8.0,3,-25.0,2,"-43,-7,-7","1,-18,-43,-7,-7",-2.22,-7.3063,1177.7176,955.7148,-18.9981,4.3006,-0.1938,0.2938,0.0879,0.3108,0.25,2.8333,1.6,1.6,2.0,4.8,6.0,8.0,26.8998,45.4,Jake Tripptree,1,17.0,0.4118,7.0,0.0,0.0,0.109,True,AJ Duffy > AJ Duffy > AJ Duffy > AJ Duffy > Jake Tripptree,Data unavailable (ESPN college injury feed returned no entries; no depth chart published),0.0,0.1224,0.0182,0.2557,0.048,0.1033,5.2913,0.2206,0.1138,0.034,-0.0019,0.0253,1.8085,-0.0072,0.6143,-0.2065,-0.0286,-0.2529,-0.0928,-0.6104,-13.7068,-0.8165,-0.1714,-0.0786,-0.0173,-0.0896,-2.9394,0.0019,-1.1166
2010,Alabama A&M,FCS,5,4,1,35.4,16.2,19.2,28.0,3,19.0,1,"27,42,19","-7,15,27,42,19",21.0276,-21.9087,974.7654,1164.9988,-8.7013,7.9124,0.2938,0.5129,0.174,0.4717,0.6087,4.4357,1.0,1.6,2.8,6.6,7.0,9.0,30.3116,75.6,Cornelious Brown IV,5,158.0,0.6772,8.2848,11.0,3.0,1.0,False,Cornelious Brown IV > Cornelious Brown IV > Cornelious Brown IV > Cornelious Brown IV > Cornelious Brown IV,Data unavailable (ESPN college injury feed returned no entries; no depth chart published),0.6,0.0513,0.0026,0.0083,0.0045,0.3214,3.0864,0.2708,0.0214,-0.018,-0.0014,-0.0009,1.2266,-0.002,0.0259,-0.005,-0.0015,-0.0752,0.0098,-0.1948,-5.6149,-0.2194,0.0088,-0.0342,-0.011,-0.0055,-1.6937,-0.0015,0.1228
204,Oregon State,FBS,4,2,2,32.25,23.0,9.25,12.0,2,6.5,2,"-11,35,26","-13,-11,35,26",11.4095,17.3724,1539.4973,1436.8121,20.5421,7.2202,0.2583,0.4499,0.1754,0.36,0.75,4.5587,0.75,1.5,3.75,5.5,4.0,6.0,25.3024,68.75,Braden Atkinson,4,163.0,0.6503,8.7178,11.0,2.0,1.0,False,Braden Atkinson > Braden Atkinson > Braden Atkinson > Braden Atkinson,Data unavailable (ESPN college injury feed returned no entries; no depth chart published),0.75,-0.1367,-0.0286,-0.1633,-0.0666,-0.704,-13.176,-0.6819,-0.11,-0.0815,0.0396,-0.0771,-1.2836,-0.0028,-1.1122,0.1551,0.0401,0.1528,0.0521,0.819,7.3661,0.7031,0.0822,0.0389,-0.0187,0.053,-1.4774,-0.0019,1.1828
2640,Texas Southern,FCS,4,1,3,26.5,44.0,-17.5,12.0,1,-27.3333,3,"-38,-41,-3","12,-38,-41,-3",-12.044,-6.4829,1199.8802,1086.3341,-16.6785,5.7646,0.0846,0.381,0.1494,0.4603,0.5833,4.2646,1.75,0.5,1.75,6.0,5.0,8.0,26.2274,90.5,Cam'Ron McCoy,4,86.0,0.5698,7.7907,5.0,2.0,1.0,False,Cam'Ron McCoy > Cam'Ron McCoy > Cam'Ron McCoy > Cam'Ron McCoy,Data unavailable (ESPN college injury feed returned no entries; no depth chart published),-1.25,0.1805,0.024,0.1444,0.0297,0.212,10.0468,0.5875,0.2391,0.0873,-0.0184,0.0566,2.9893,-0.006,0.806,-0.0767,0.0022,-0.0251,-0.0707,-0.0082,-6.6318,-0.3365,-0.0706,-0.0124,0.0318,-0.0368,-2.4493,-0.0049,-0.4306
2448,North Carolina A&T,FCS,5,1,4,15.0,33.2,-18.2,-3.0,2,-28.3333,3,"-8,-28,4","-10,-49,-8,-28,4",8.3378,-1.4613,1231.2028,956.6301,-18.3186,5.1768,0.0635,0.3384,0.1132,0.4384,0.4167,3.08,1.4,1.4,1.4,4.6,4.0,6.0,26.5124,80.8,Kevin White,3,84.0,0.4881,6.1905,4.0,3.0,0.6131,True,Braxton Thomas > Kevin White > Kevin White > Champ Long > Kevin White,Data unavailable (ESPN college injury feed returned no entries; no depth chart published),0.0,0.1538,0.0151,0.1897,0.0478,0.1229,6.3493,0.5575,0.1146,0.0603,-0.0119,0.0539,2.4967,-0.0032,1.1674,-0.0973,-0.0229,-0.1022,-0.0594,-0.5539,-11.9693,-0.8469,-0.0813,-0.0993,0.0323,-0.0837,-3.0742,0.0003,-0.9776
2097,Campbell,FCS,6,4,1,27.6667,23.6667,4.0,12.3333,3,-4.3333,3,"-49,28,24","0,9,-49,28,24",4.2377,-3.6952,1219.5564,1213.2067,-3.3731,7.4262,0.1538,0.4908,0.158,0.381,0.6667,3.6444,1.8,1.8,2.0,4.8,2.0,5.0,30.5977,67.4,Kamden Sixkiller,5,172.0,0.7035,8.4244,13.0,4.0,1.0,False,Kamden Sixkiller > Kamden Sixkiller > Kamden Sixkiller > Kamden Sixkiller > Kamden Sixkiller,Data unavailable (ESPN college injury feed returned no entries; no depth chart published),0.0,0.0737,0.0118,0.2034,0.0615,0.3828,-2.1071,0.25,-0.1418,0.0023,-0.0121,0.0384,0.6583,-0.0008,0.4854,-0.0444,0.0025,0.0303,0.0312,-0.4314,-5.4802,-0.1408,-0.1765,0.0049,-0.0126,0.0182,-0.7794,0.0105,0.323
2453,North Alabama,FCS,5,3,2,24.4,22.2,2.2,10.5,2,-11.0,2,"-5,18,3","12,-17,-5,18,3",1.2457,-1.7461,1201.409,1173.3316,-3.7103,5.3756,-0.0228,0.3866,0.0988,0.303,0.6111,4.2433,1.2,1.2,3.8,8.6,3.0,4.0,27.2571,65.6,Destin Wade,5,129.0,0.5736,8.6977,5.0,2.0,1.0,False,Destin Wade > Destin Wade > Destin Wade > Destin Wade > Destin Wade,Data unavailable (ESPN college injury feed returned no entries; no depth chart published),0.0,0.007,0.0015,0.1291,0.0021,-0.1389,-1.8602,-0.1051,-0.1042,-0.0555,0.0109,-0.0254,1.2278,-0.002,0.0546,-0.1039,-0.0251,-0.0109,-0.0303,0.0796,-5.5705,-0.5643,-0.132,-0.0374,0.0019,-0.0361,-1.873,-0.0021,-0.7598
2241,Gardner-Webb,FCS,5,1,4,26.4,26.4,0.0,24.0,1,-6.0,4,"-1,24,-1","-18,-4,-1,24,-1",16.6583,4.9395,1346.2226,1211.617,3.2061,5.8825,0.0547,0.3846,0.1157,0.4189,0.3158,2.7656,1.8,1.8,3.2,7.6,9.0,12.0,28.3429,61.8,Cole Pennington,5,212.0,0.566,6.9953,7.0,4.0,1.0,False,Cole Pennington > Cole Pennington > Cole Pennington > Cole Pennington > Cole Pennington,Data unavailable (ESPN college injury feed returned no entries; no depth chart published),0.0,-0.0874,0.0114,-0.0101,-0.028,-0.0453,-3.0757,0.0033,-0.14,-0.0129,0.0183,-0.0217,1.8015,0.0033,0.0655,-0.0271,-0.0073,-0.0136,-0.0163,-0.727,0.1303,-0.0688,-0.055,-0.0287,-0.0092,-0.0242,0.0571,-0.0026,-0.1119
2916,Incarnate Word,FCS,4,2,2,36.0,34.5,1.5,34.5,2,-31.5,2,"-10,7,-53","62,-10,7,-53",-13.5734,-6.0414,1218.8374,1214.2929,-4.2645,9.6626,0.5688,0.4692,0.2103,0.4138,0.5789,3.9821,3.25,1.0,1.75,6.75,2.0,3.0,34.0208,65.0,Emmett Brown,4,147.0,0.6259,7.1701,5.0,5.0,1.0,False,Emmett Brown > Emmett Brown > Emmett Brown > Emmett Brown,Data unavailable (ESPN college injury feed returned no entries; no depth chart published),-2.25,0.0245,-0.0105,0.1188,-0.0017,0.5392,3.6022,0.1493,-0.1051,-0.0343,0.0042,-0.017,1.4979,0.0001,-0.0549,0.1606,0.0199,0.1627,-0.0011,-0.1228,-0.6623,-0.222,0.0788,-0.0125,-0.0035,0.0032,1.2775,0.0017,1.2064
2635,Tennessee Tech,FCS,4,4,0,37.25,20.0,17.25,25.0,2,9.5,2,"15,26,4","24,15,26,4",0.6776,-4.8386,1184.2763,1420.2857,7.5144,6.2655,0.3358,0.439,0.1279,0.4423,0.7857,4.0243,0.75,1.25,2.5,5.25,3.0,5.0,34.8579,109.25,Jax Leatherwood,4,137.0,0.7007,8.073,13.0,2.0,1.0,False,Jax Leatherwood > Jax Leatherwood > Jax Leatherwood > Jax Leatherwood,Data unavailable (ESPN college injury feed returned no entries; no depth chart published),0.5,-0.0355,-0.0035,-0.1947,-0.0398,0.2221,-3.5668,-0.0331,0.0686,0.0197,0.0066,-0.0047,-2.0033,0.0016,-0.125,0.096,-0.0057,0.1088,0.0005,-0.2737,3.9476,0.0565,0.058,-0.0058,0.0087,0.0005,3.447,-0.0024,-0.028
8,Arkansas,FBS,4,2,2,23.0,27.0,-4.0,5.6667,3,-33.0,1,"-33,-28,28","17,-33,-28,28",-0.6317,22.7417,1554.8376,1477.4934,18.2271,4.6646,-0.0876,0.3961,0.0861,0.4677,0.5556,3.8202,1.5,1.0,2.0,4.25,7.0,8.0,28.2595,50.5,KJ Jackson,4,132.0,0.6212,7.0227,5.0,3.0,1.0,False,KJ Jackson > KJ Jackson > KJ Jackson > KJ Jackson,Data unavailable (ESPN college injury feed returned no entries; no depth chart published),-0.5,-0.0356,-0.0106,-0.0476,-0.0287,0.2341,-10.8212,-0.1632,-0.0746,-0.021,0.0246,-0.0202,-1.3885,0.002,-0.381,0.0691,0.0182,0.0711,0.075,0.5408,7.406,0.6236,0.0617,0.0502,-0.003,0.0697,0.3183,-0.0012,0.6065
252,BYU,FBS,3,3,0,44.0,15.6667,28.3333,33.5,2,18.0,1,"56,11,18","56,11,18",9.6974,6.8701,1341.0828,1768.744,30.4655,8.4681,0.5779,0.6114,0.1817,0.6129,0.8125,5.3524,0.6667,2.0,1.3333,5.6667,2.0,3.0,32.7323,59.6667,Bear Bachmeier,3,62.0,0.7097,10.3548,6.0,1.0,1.0,False,Bear Bachmeier > Bear Bachmeier > Bear Bachmeier,Data unavailable (ESPN college injury feed returned no entries; no depth chart published),1.3333,-0.2195,-0.027,-0.2797,-0.0687,-0.3302,-16.7428,-0.7913,-0.1543,-0.0878,-0.0029,-0.0791,-3.1126,0.0087,-1.2851,0.2987,0.0385,0.2983,0.1251,0.9206,13.7228,1.06,0.3285,0.1338,-0.0275,0.1268,2.4736,-0.009,1.6021
2636,UTSA,FBS,4,3,1,35.25,29.25,6.0,21.5,2,-9.5,2,"5,-24,14","29,5,-24,14",-0.3209,17.981,1532.7328,1628.7082,22.6595,6.0741,0.225,0.472,0.1043,0.3137,0.5833,3.9571,0.25,1.5,0.75,3.5,5.0,7.0,31.3883,97.5,Owen McCown,4,122.0,0.6885,7.0656,7.0,1.0,1.0,False,Owen McCown > Owen McCown > Owen McCown > Owen McCown,Data unavailable (ESPN college injury feed returned no entries; no depth chart published),1.25,-0.0989,-0.0334,-0.1879,-0.0486,-0.2408,-9.615,-0.5564,-0.0081,-0.0384,-0.0045,-0.042,-2.1269,-0.0007,-0.7646,0.1746,0.0055,0.1198,0.0399,0.5858,13.0445,0.777,0.2466,0.1052,-0.0311,0.0684,2.5777,-0.0068,0.8386
2130,Chicago State,FCS,5,1,4,30.6,36.6,-6.0,10.6667,3,-31.0,2,"71,-27,-23","-16,-35,71,-27,-23",3.136,-18.8793,1079.1446,984.9189,-19.1044,5.9805,0.1082,0.4001,0.129,0.3333,0.6667,4.48,1.4,2.0,1.4,7.4,0.0,0.0,31.6134,65.2,Ashton Pannell,5,164.0,0.6402,6.7256,10.0,2.0,1.0,False,Ashton Pannell > Ashton Pannell > Ashton Pannell > Ashton Pannell > Ashton Pannell,Data unavailable (ESPN college injury feed returned no entries; no depth chart published),0.6,0.1111,0.0344,0.1287,0.025,0.7125,10.3962,0.6276,0.0861,0.0467,-0.014,0.039,3.3586,-0.0026,1.0437,-0.1065,-0.0215,-0.1223,-0.0361,-0.0227,-8.7082,-0.7705,-0.1026,-0.0914,-0.0027,-0.0604,-0.87,0.0036,-0.8168
2142,Colgate,FCS,5,4,1,23.4,13.0,10.4,19.0,2,4.6667,3,"-3,13,7","10,25,-3,13,7",4.9335,-7.3067,1238.6412,1312.4091,-0.2215,5.7624,0.0653,0.4464,0.1027,0.4583,0.6,3.5614,2.0,2.2,2.0,6.2,4.0,7.0,34.6191,61.4,Jake Stearney,5,120.0,0.6167,7.4083,8.0,6.0,1.0,False,Jake Stearney > Jake Stearney > Jake Stearney > Jake Stearney > Jake Stearney,Data unavailable (ESPN college injury feed returned no entries; no depth chart published),0.2,-0.0218,0.0055,-0.0723,-0.0053,-0.4677,-5.465,-0.2386,0.0251,0.0144,-0.0046,-0.0008,-0.8032,0.0023,-0.1226,-0.0391,-0.0192,0.0226,-0.0222,-0.2549,-5.6865,-0.1601,-0.0307,0.0183,-0.0057,-0.002,2.3706,0.0015,-0.3653
2571,South Dakota State,FCS,5,4,1,42.8,16.4,26.4,37.0,4,-16.0,1,"43,7,35","63,-16,43,7,35",1.4367,-3.6023,1201.2417,1399.774,12.8411,7.9124,0.3933,0.5041,0.198,0.3788,0.3846,3.429,0.8,1.4,1.8,5.2,8.0,11.0,35.0333,49.8,Josh Holst,1,22.0,0.5,8.0,1.0,0.0,0.1982,True,Chase Mason > Chase Mason > Chase Mason > Chase Mason > Josh Holst,Data unavailable (ESPN college injury feed returned no entries; no depth chart published),0.6,-0.1427,-0.0199,-0.0486,-0.0159,-0.0769,-7.1829,-0.3696,-0.272,-0.0597,-0.0043,-0.0346,-2.724,0.0085,-0.4833,0.0998,0.0212,0.0244,-0.0072,-0.2356,5.6582,0.2232,0.1907,0.0437,-0.0081,0.0238,3.5752,-0.006,0.5808
292,UT Rio Grande Valley,FCS,4,2,2,28.75,21.5,7.25,30.5,2,-16.0,2,"-29,-3,17","44,-29,-3,17",-3.092,-8.3129,1197.1028,1286.5287,-0.6434,6.4991,0.0535,0.4356,0.1237,0.4062,0.4444,3.6667,2.0,2.25,1.25,4.5,8.0,12.0,26.4487,76.0,Aidan Jakobsohn,2,36.0,0.5556,8.8056,2.0,1.0,0.375,True,Aidan Jakobsohn > Garret Rangel > Garret Rangel > Aidan Jakobsohn,Data unavailable (ESPN college injury feed returned no entries; no depth chart published),0.25,-0.0285,-0.0166,-0.0293,0.0308,-0.4538,-2.5155,-0.0637,-0.0167,0.0207,-0.0027,0.0233,1.5148,-0.0007,-0.2239,-0.0403,-0.0016,-0.0155,0.0042,-0.1089,-3.1589,-0.1371,-0.0841,-0.0078,-0.001,-0.0037,-2.0559,0.0034,0.142
2029,Arkansas-Pine Bluff,FCS,4,2,2,35.25,39.25,-4.0,6.0,1,-40.0,1,"-40,-2,6","20,-40,-2,6",-3.7093,-11.366,1131.3245,1041.6783,-16.2778,6.2482,0.0611,0.3183,0.1461,0.2857,0.5714,5.019,1.5,1.5,2.25,9.0,2.0,2.0,30.7836,58.0,Garrison Davis,4,68.0,0.5735,7.7353,7.0,3.0,1.0,False,Garrison Davis > Garrison Davis > Garrison Davis > Garrison Davis,Data unavailable (ESPN college injury feed returned no entries; no depth chart published),0.0,0.1481,0.0143,0.2884,0.1033,0.9213,11.6307,0.6901,-0.0418,0.0416,-0.0062,0.0775,1.3277,-0.0025,0.8411,-0.1035,-0.0071,-0.1226,-0.0596,0.1327,-4.6471,-0.3544,-0.0976,-0.0904,0.0004,-0.0762,-0.9866,-0.0005,-0.4166
2466,Northwestern State,FCS,5,0,5,19.6,52.2,-32.6,-18.0,2,-42.3333,3,"-24,-29,-31","-5,-74,-24,-29,-31",-0.4855,-6.7089,1153.3111,820.8975,-31.4828,5.0527,-0.0495,0.352,0.0963,0.3375,0.4375,2.4917,1.8,1.0,1.0,4.2,5.0,6.0,29.2648,67.0,Zach Wilcke,3,104.0,0.5577,5.6538,6.0,2.0,0.6541,False,Abram Johnston > Abram Johnston > Zach Wilcke > Zach Wilcke > Zach Wilcke,Data unavailable (ESPN college injury feed returned no entries; no depth chart published),-0.8,0.2935,0.0502,0.201,0.0439,0.8909,17.7656,1.2457,0.3836,0.1292,-0.0228,0.0903,5.5546,-0.008,1.6752,-0.1923,-0.0293,-0.1153,-0.0796,-1.2666,-13.7171,-0.8989,-0.2788,-0.069,0.0267,-0.0742,-2.4331,0.006,-1.1196
2447,Nicholls,FCS,5,2,3,19.2,43.4,-24.2,2.0,3,-63.5,2,"3,-59,-31","34,-68,3,-59,-31",-18.4742,1.7597,1286.9796,1092.8911,-17.417,4.7702,0.0144,0.3366,0.1171,0.2911,0.7273,3.2214,1.6,2.2,1.0,2.8,4.0,4.0,29.0802,55.2,Ean Rodrigue,5,132.0,0.5227,5.75,9.0,4.0,1.0,False,Ean Rodrigue > Ean Rodrigue > Ean Rodrigue > Ean Rodrigue > Ean Rodrigue,Data unavailable (ESPN college injury feed returned no entries; no depth chart published),0.6,0.0975,0.011,0.2012,0.0328,0.4566,9.5416,0.6094,0.0554,0.0841,-0.0302,0.0521,3.0516,0.0059,0.6838,-0.0901,-0.0155,-0.1321,-0.0548,-0.5368,-7.8755,-0.5144,-0.0647,-0.0596,-0.0239,-0.0574,-1.3336,-0.0036,-0.801
290,Georgia Southern,FBS,4,1,3,23.25,23.75,-0.5,8.5,2,-9.5,2,"-15,-4,-14","31,-15,-4,-14",-2.5339,15.761,1492.3064,1422.5355,14.6869,5.5517,0.1354,0.4335,0.0999,0.4333,0.6154,3.7321,1.0,1.25,2.0,7.0,3.0,6.0,24.7173,66.25,Max Johnson,4,157.0,0.6624,6.3439,5.0,1.0,1.0,False,Max Johnson > Max Johnson > Max Johnson > Max Johnson,Data unavailable (ESPN college injury feed returned no entries; no depth chart published),0.25,-0.1069,-0.0183,-0.0239,-0.0307,-0.2368,-9.6389,-0.2524,-0.1591,-0.0326,0.0054,-0.0355,-1.078,-0.0028,-0.884,0.1308,0.0009,0.162,0.0479,0.5882,5.048,0.5199,0.0773,0.0567,-0.0101,0.051,-1.1018,-0.0039,0.4833
2433,UL Monroe,FBS,4,0,4,21.25,42.75,-21.5,-15.5,2,-27.5,2,"-6,-3,-28","-49,-6,-3,-28",-12.346,13.7971,1447.4004,1174.648,-1.0623,5.275,0.0264,0.3882,0.1117,0.3333,0.75,3.4542,1.0,0.75,1.0,3.75,5.0,7.0,25.6623,38.75,Aidan Armenta,2,45.0,0.7333,7.6667,2.0,0.0,0.5114,True,Aidan Armenta > Austin Carlisle > Austin Carlisle > Aidan Armenta,Data unavailable (ESPN college injury feed returned no entries; no depth chart published),-0.25,0.0543,0.0041,0.0383,0.0115,-0.245,0.1353,-0.0578,0.0467,0.0155,0.0029,0.0168,-0.8378,-0.0058,-0.1584,0.0167,0.0061,-0.0419,-0.0165,-0.0485,-0.927,0.0079,0.0782,0.0143,-0.0003,-0.0038,-1.6737,-0.0042,0.0863
2641,Texas Tech,FBS,4,4,0,36.25,18.5,17.75,20.0,3,11.0,1,"11,2,35","23,11,2,35",1.7999,14.7956,1388.2482,1800.8153,30.8329,6.4111,0.2617,0.5259,0.1472,0.4792,0.6429,4.4536,2.0,1.5,2.5,6.0,4.0,4.0,28.8792,53.0,Will Hammond,4,116.0,0.6897,8.3448,4.0,5.0,1.0,False,Will Hammond > Will Hammond > Will Hammond > Will Hammond,Data unavailable (ESPN college injury feed returned no entries; no depth chart published),-0.5,-0.222,-0.0398,-0.3337,-0.0722,-1.4623,-16.9917,-1.2295,-0.0847,-0.1351,0.014,-0.0974,-2.8505,0.0081,-1.299,0.1857,0.0302,0.1835,0.0826,0.7082,13.8412,0.6855,0.2016,0.1158,-0.0202,0.0952,2.4487,-0.0054,0.9256
2390,Miami,FBS,4,4,0,51.75,9.0,42.75,59.5,2,26.0,2,"70,13,49","39,70,13,49",7.1253,5.8276,1385.502,1880.7439,41.5254,9.204,0.5193,0.6543,0.1824,0.5556,0.7619,5.6424,0.5,1.0,2.5,4.75,3.0,4.0,30.3481,59.25,Darian Mensah,4,106.0,0.8868,11.4245,14.0,0.0,1.0,False,Darian Mensah > Darian Mensah > Darian Mensah > Darian Mensah,Data unavailable (ESPN college injury feed returned no entries; no depth chart published),0.5,-0.2049,-0.0435,-0.1666,-0.0789,-1.1011,-20.8395,-1.2805,-0.1947,-0.1083,0.0185,-0.0857,-5.2121,0.0045,-1.722,0.3359,0.0444,0.4187,0.1914,1.3538,20.6859,1.5664,0.2574,0.1364,-0.0332,0.1656,1.8457,-0.009,2.3387
264,Washington,FBS,4,3,1,28.0,16.75,11.25,11.25,4,,0,"2,32,-3","14,2,32,-3",-13.5558,11.7918,1402.8806,1674.214,21.6842,6.3798,0.1423,0.4448,0.1469,0.34,0.5909,4.25,0.75,2.0,2.25,7.0,7.0,9.0,31.3636,78.75,Demond Williams Jr.,4,137.0,0.6934,8.2409,7.0,3.0,1.0,False,Demond Williams Jr. > Demond Williams Jr. > Demond Williams Jr. > Demond Williams Jr.,Data unavailable (ESPN college injury feed returned no entries; no depth chart published),1.25,-0.1782,-0.0228,-0.1881,-0.0436,-0.468,-14.2389,-0.6785,-0.1428,-0.0708,0.0143,-0.058,-1.692,0.0082,-0.85,0.1274,0.0293,0.185,0.0734,0.5294,7.4453,0.5975,0.0534,0.0401,0.004,0.0593,2.3531,-0.0029,0.8038
328,Utah State,FBS,4,1,3,13.0,22.0,-9.0,-0.5,2,-17.5,2,"-2,-33,11","-12,-2,-33,11",7.9818,20.0997,1586.5035,1424.5353,14.0443,5.3946,-0.0295,0.3574,0.1098,0.4259,0.5,2.1062,2.5,1.0,1.25,4.5,1.0,3.0,31.1667,72.75,Grady Brosterhous,3,85.0,0.5882,6.6824,4.0,5.0,0.7391,False,McCae Hillstead > Grady Brosterhous > Grady Brosterhous > Grady Brosterhous,Data unavailable (ESPN college injury feed returned no entries; no depth chart published),-1.5,-0.18,-0.0338,-0.2642,-0.0417,-0.757,-12.8579,-0.6881,-0.1123,-0.0361,0.0011,-0.0405,-2.4801,0.0018,-0.8394,0.0582,0.0148,0.0553,0.0229,-0.2774,1.1863,0.04,0.0661,0.0126,0.0056,0.0163,1.8098,0.0014,0.5444
218,Temple,FBS,4,1,3,28.0,27.75,0.25,0.6667,3,-1.0,1,"-18,-1,-4","24,-18,-1,-4",0.4401,18.8144,1503.4266,1394.6023,15.5402,6.6418,0.1498,0.4471,0.1428,0.3958,0.7273,3.4851,0.75,1.0,0.75,2.5,5.0,8.0,25.4396,38.0,Ajani Sheppard,3,52.0,0.5385,9.4423,5.0,0.0,0.7647,False,Ajani Sheppard > Jaxon Smolik > Ajani Sheppard > Ajani Sheppard,Data unavailable (ESPN college injury feed returned no entries; no depth chart published),0.25,-0.0387,0.0011,-0.0711,-0.0058,0.037,-8.4281,-0.1429,0.0083,-0.0012,-0.007,0.0022,-2.461,0.0014,-0.2032,0.1328,0.0191,0.1643,0.0262,0.4109,7.1121,0.5335,0.1255,0.0655,-0.0019,0.0484,-0.8889,-0.0073,0.732
349,Army,FBS,3,2,1,34.6667,16.0,18.6667,26.0,2,4.0,1,"56,-4,4","56,-4,4",6.0127,11.0908,1414.7978,1587.1361,23.6613,6.9794,0.4634,0.5528,0.1722,0.5,0.6667,4.4593,0.3333,0.0,1.0,3.3333,2.0,3.0,30.6599,36.6667,Cale Hellums,3,25.0,0.64,7.44,2.0,0.0,1.0,False,Cale Hellums > Cale Hellums > Cale Hellums,Data unavailable (ESPN college injury feed returned no entries; no depth chart published),-0.3333,-0.0361,-0.0061,-0.0553,-0.0308,-0.7823,-15.6737,-0.5635,-0.0157,-0.0075,-0.0161,-0.0203,-4.3222,-0.0028,-0.2959,0.2079,0.0112,0.3131,0.0236,0.7964,7.9876,0.9434,0.2634,0.0854,-0.0207,0.0712,1.7039,-0.0044,0.4942
2377,McNeese,FCS,5,2,3,28.0,23.2,4.8,10.25,4,-17.0,1,"-3,-17,3","-11,52,-3,-17,3",-3.8011,-5.3248,1246.0401,1138.483,-5.4351,6.4321,0.107,0.3925,0.1606,0.4143,0.5385,4.3133,1.6,1.4,2.0,5.6,4.0,5.0,24.8195,61.2,Jake Strong,1,27.0,0.6296,7.4815,1.0,0.0,0.1942,True,Devin Lippold > Devin Lippold > Devin Lippold > Devin Lippold > Jake Strong,Data unavailable (ESPN college injury feed returned no entries; no depth chart published),-0.2,0.1047,0.0184,0.0487,0.0108,0.5137,-0.8586,0.3584,0.2023,0.0422,-0.0085,0.0262,-1.9097,-0.0074,0.48,-0.039,0.0092,-0.1405,-0.0421,0.0813,-6.2937,-0.3843,0.0465,-0.0319,0.0,-0.0383,-4.3396,0.0053,0.0012
84,Indiana,FBS,4,4,0,43.5,9.75,33.75,33.75,4,,0,"55,38,6","36,55,38,6",-9.8494,12.545,1420.4861,1967.6246,39.3439,7.7772,0.4342,0.5183,0.1929,0.5227,0.8,5.4048,0.25,0.75,2.75,8.25,4.0,5.0,34.6389,34.5,Josh Hoover,4,80.0,0.7,10.625,11.0,0.0,1.0,False,Josh Hoover > Josh Hoover > Josh Hoover > Josh Hoover,Data unavailable (ESPN college injury feed returned no entries; no depth chart published),0.5,-0.136,-0.0374,-0.1545,-0.0545,-1.6033,-22.3576,-1.1416,-0.1387,-0.1513,0.0136,-0.0973,-4.4427,0.0029,-1.5267,0.3056,0.0474,0.5378,0.1482,1.3506,16.9863,1.3747,0.1729,0.0615,-0.0075,0.0971,3.6834,-0.0089,1.5083
110242,West Florida,FCS,4,3,1,28.0,25.0,3.0,-9.5,2,15.5,2,"28,-22,3","3,28,-22,3",5.1902,0.7171,1220.9092,1124.7577,-1.029,5.7258,-0.084,0.379,0.1217,0.3462,0.8182,3.7125,1.75,3.25,3.5,9.75,3.0,5.0,36.553,66.25,Donovan Leary,1,36.0,0.4444,4.3056,1.0,1.0,0.4286,True,Ty'ray Davis > Ty'ray Davis > Ty'ray Davis > Donovan Leary,Data unavailable (ESPN college injury feed returned no entries; no depth chart published),1.5,-0.1035,0.0182,-0.1565,-0.0191,-0.0342,-1.2883,0.0894,-0.0343,0.0118,0.0104,-0.0033,-0.8808,0.0128,0.2076,-0.1193,-0.0098,-0.005,-0.0459,-0.2236,-2.3173,-0.2852,-0.1848,-0.0228,-0.001,-0.0308,2.8375,0.0038,-0.3838
2692,Weber State,FCS,5,2,3,36.6,38.4,-1.8,13.0,2,-11.6667,3,"-31,29,-3","1,-5,-31,29,-3",-8.0815,-9.0181,1124.5148,1129.6107,-9.0238,6.2127,0.1323,0.4165,0.1679,0.4286,0.6316,4.2833,2.6,1.2,2.0,5.6,3.0,6.0,30.0344,38.0,Nate Dahle,4,145.0,0.4828,7.1862,12.0,6.0,0.8788,False,Devin Brown > Nate Dahle > Nate Dahle > Nate Dahle > Nate Dahle,Data unavailable (ESPN college injury feed returned no entries; no depth chart published),-1.4,0.08,0.0223,0.0711,0.0219,0.6167,9.2574,0.7093,0.0461,0.0112,-0.0083,0.0138,2.8849,-0.0047,0.948,-0.0883,0.0043,-0.1624,-0.0555,0.0227,0.2335,-0.1398,-0.017,0.0068,-0.0139,-0.0287,0.0683,0.0041,-0.3572
2464,Northern Arizona,FCS,5,3,2,25.6,28.2,-2.6,8.5,2,-10.0,3,"10,12,-14","7,-28,10,12,-14",6.0896,1.484,1319.1594,1293.8821,-0.9826,5.7021,0.0481,0.408,0.1242,0.2623,0.5333,3.1617,1.2,2.8,1.8,3.6,3.0,5.0,29.2788,37.8,Ty Pennington,5,143.0,0.6084,7.3217,7.0,3.0,1.0,False,Ty Pennington > Ty Pennington > Ty Pennington > Ty Pennington > Ty Pennington,Data unavailable (ESPN college injury feed returned no entries; no depth chart published),1.6,0.0242,0.0332,0.0229,0.0506,-0.1444,-1.1287,-0.1313,0.0331,0.084,-0.017,0.0644,-1.4563,0.0064,0.7278,-0.0288,0.0019,-0.0529,-0.0008,-0.2876,-2.1113,-0.2479,0.0189,-0.0057,-0.0025,-0.0011,-0.7186,0.0006,-0.0726
253,Southern Utah,FCS,5,1,4,28.4,36.8,-8.4,0.5,2,-14.3333,3,"-34,-2,-4","-7,5,-34,-2,-4",-2.9149,2.4729,1342.8179,1248.2156,-3.5478,7.0791,0.005,0.4229,0.1527,0.4203,0.5,3.3881,2.0,2.0,1.0,5.6,4.0,6.0,29.6288,63.2,Will Burns,5,135.0,0.637,7.437,6.0,5.0,1.0,False,Will Burns > Will Burns > Will Burns > Will Burns > Will Burns,Data unavailable (ESPN college injury feed returned no entries; no depth chart published),0.0,0.0244,0.0276,0.0371,-0.0042,0.0746,2.223,0.2578,0.0173,0.0398,-0.0043,0.0141,-0.8668,0.0029,0.8565,-0.0433,0.0148,-0.044,0.031,-0.0558,-1.3248,-0.0223,-0.0265,-0.0038,-0.0059,0.0073,0.0279,0.0045,0.5067
2032,Arkansas State,FBS,4,2,2,25.0,23.5,1.5,24.0,2,-21.0,2,"45,-24,3","-18,45,-24,3",-0.3277,12.4454,1418.9539,1459.2404,13.6983,6.1475,0.1017,0.4747,0.1177,0.4545,0.6667,3.1905,1.25,1.75,0.75,3.75,3.0,5.0,30.2358,40.5,Trey Owens,4,102.0,0.6765,8.2059,4.0,4.0,1.0,False,Trey Owens > Trey Owens > Trey Owens > Trey Owens,Data unavailable (ESPN college injury feed returned no entries; no depth chart published),0.5,-0.0641,0.0,-0.0115,0.0086,0.222,-9.7533,-0.2601,-0.1258,-0.0042,0.003,0.001,-2.779,0.0054,0.2252,0.0587,0.0026,0.0562,0.0622,-0.0995,3.9451,0.2548,0.0576,0.0568,-0.0119,0.0596,1.6678,-0.0004,0.4271
278,Fresno State,FBS,4,3,1,28.25,19.0,9.25,30.0,2,-11.5,2,"46,16,14","-39,46,16,14",15.5337,11.8082,1388.2518,1587.7735,19.7899,5.8216,0.0873,0.3819,0.1315,0.3617,0.5,2.7937,0.5,2.25,2.25,5.5,7.0,8.0,33.0611,32.5,Jayden Mandal,4,104.0,0.6442,7.5865,6.0,1.0,1.0,False,Jayden Mandal > Jayden Mandal > Jayden Mandal > Jayden Mandal,Data unavailable (ESPN college injury feed returned no entries; no depth chart published),1.75,-0.1244,-0.0255,-0.1177,0.0048,-1.0495,-14.5415,-0.7985,-0.0799,-0.0282,0.0133,-0.0172,-4.9207,0.0064,-0.4271,0.0243,0.01,0.1436,0.0546,-0.3592,5.2484,0.2858,-0.0811,-0.0258,-0.0203,0.0132,4.0053,-0.0049,0.4042
239,Baylor,FBS,4,3,1,29.75,13.0,16.75,22.6667,3,,0,"41,17,10","-1,41,17,10",4.1987,14.2999,1423.8804,1565.8812,23.4051,5.7442,0.0571,0.4245,0.1309,0.3939,0.5,4.0759,2.0,1.75,3.75,9.0,6.0,7.0,37.5771,74.75,DJ Lagway,2,93.0,0.4946,5.957,4.0,2.0,0.6078,True,DJ Lagway > Nate Bennett > Nate Bennett > DJ Lagway,Data unavailable (ESPN college injury feed returned no entries; no depth chart published),-0.25,-0.1663,-0.0352,-0.1588,-0.0415,-0.1574,-14.7659,-0.6142,-0.1862,-0.0909,0.0056,-0.0659,-1.4931,0.0029,-1.2421,0.0656,0.0168,0.0851,0.0184,0.476,8.6392,0.5344,0.0298,0.1014,-0.0225,0.053,4.6073,0.0004,0.5833
326,Texas State,FBS,4,2,2,36.25,33.75,2.5,20.6667,3,-52.0,1,"-5,14,53","-52,-5,14,53",16.1073,20.7802,1579.1739,1595.7207,19.7216,8.4521,0.209,0.4963,0.1607,0.6,0.6471,3.7018,1.75,1.25,1.25,5.75,2.0,6.0,28.7807,60.25,Brad Jackson,4,95.0,0.6842,8.9895,10.0,3.0,1.0,False,Brad Jackson > Brad Jackson > Brad Jackson > Brad Jackson,Data unavailable (ESPN college injury feed returned no entries; no depth chart published),-0.5,-0.0538,-0.0151,0.0545,0.0167,-0.1768,-7.1832,0.0223,-0.2586,-0.08,-0.0056,-0.0193,-1.861,-0.0022,-0.6167,0.1756,0.0378,0.3083,0.1131,0.361,12.5384,1.0392,0.1127,0.0706,-0.0341,0.0905,-0.5634,-0.0042,2.0932
331,Eastern Washington,FCS,5,1,4,25.4,35.6,-10.2,3.0,2,-19.0,3,"-18,-32,-4","-7,10,-18,-32,-4",-4.4268,3.6158,1349.8083,1123.7206,-5.736,5.0956,0.0314,0.4276,0.113,0.3947,0.7059,4.6067,1.4,1.4,1.8,5.6,6.0,7.0,27.1515,42.0,Nate Bell,5,177.0,0.6215,6.6893,8.0,4.0,1.0,False,Nate Bell > Nate Bell > Nate Bell > Nate Bell > Nate Bell,Data unavailable (ESPN college injury feed returned no entries; no depth chart published),0.0,0.0412,0.0125,-0.0476,0.0403,0.1959,3.0436,0.4055,0.1064,0.0195,-0.0067,0.0312,0.9415,0.0,0.7005,-0.0753,-0.0173,-0.0601,-0.0198,0.2534,-2.6924,-0.143,-0.0903,-0.0293,0.0177,-0.0224,-0.291,0.0011,-0.8155
2132,Cincinnati,FBS,4,4,0,40.5,20.5,20.0,20.0,4,,0,"52,4,5","19,52,4,5",2.1454,12.3163,1433.8722,1608.3808,23.8324,7.4747,0.3879,0.4947,0.154,0.5,0.8889,5.0631,0.5,1.5,2.0,5.0,3.0,4.0,31.5019,71.5,JC French IV,4,94.0,0.7447,8.4681,6.0,0.0,1.0,False,JC French IV > JC French IV > JC French IV > JC French IV,Data unavailable (ESPN college injury feed returned no entries; no depth chart published),1.0,-0.0392,-0.0157,-0.0431,-0.0332,-0.4689,-11.3885,-0.5889,-0.009,0.0297,-0.0077,-0.0076,-4.1012,-0.0034,-0.4583,0.2314,0.0309,0.2624,0.0859,0.8984,12.4439,1.0025,0.2106,0.0773,-0.0229,0.0798,1.5987,-0.0042,1.4432
23,San José State,FBS,4,2,2,23.25,27.25,-4.0,-3.0,2,-5.0,2,"6,10,-16","-16,6,10,-16",-11.4166,11.5079,1442.8163,1339.454,9.1217,5.6518,-0.0357,0.3705,0.1309,0.3393,0.4444,2.9214,1.75,1.0,1.75,4.75,7.0,9.0,27.1359,52.75,Luke Weaver,4,143.0,0.6084,7.2168,9.0,5.0,1.0,False,Luke Weaver > Luke Weaver > Luke Weaver > Luke Weaver,Data unavailable (ESPN college injury feed returned no entries; no depth chart published),-0.75,-0.0392,-0.0285,-0.0915,-0.0336,-0.0038,-6.9803,-0.2412,0.0184,0.0007,0.0005,-0.0228,-0.0771,-0.0028,-0.7984,-0.0109,0.0161,-0.0167,0.0119,-0.2389,2.1414,-0.0525,-0.0214,-0.0041,-0.03,0.0061,0.0479,0.0004,0.4301
