event_id,date_utc,kickoff_et,away,home,p_elo,p_pts,p_lr,p_gbm,p_reg,p_ens,m_elo,m_pts,m_reg,m_gbm,m_ens,m_final,total,p_std,m_std,home_win_prob,freeze_utc
401867891,2026-10-03 21:00:00+00:00,2026-10-03 05:00 PM ET,Youngstown State,Southern Illinois,0.49660820003434436,0.441542928971254,0.3886570460003189,0.531434217468269,0.4354985854328902,0.431391524600432,0.6027587841627859,-2.450834531273054,-2.6351478161843813,1.1991996622524137,-1.7523411927595267,-2.2668752991250942,61.088172191962165,0.05582555986216517,2.0046436631813362,0.431391524600432,2026-10-03T20:35:20.283773+00:00
401868064,2026-10-03 21:00:00+00:00,2026-10-03 05:00 PM ET,New Haven,Austin Peay,0.9549507492748126,0.990954962051049,0.9817829474162814,0.9909173081374462,0.9904247555012267,0.9882660059223584,30.96402133616591,39.39390048343915,38.013369686833045,40.44476561346148,38.907542489343804,37.685057949243,53.26344574188142,0.015509734135429921,4.277485199780146,0.9882660059223584,2026-10-03T20:35:20.283773+00:00
401868295,2026-10-03 21:00:00+00:00,2026-10-03 05:00 PM ET,Alabama A&M,Jackson State,0.8102286561198098,0.626869456366754,0.5679787942743261,0.6014060766374593,0.5733551089354507,0.5875380746210915,15.1036931737764,5.392580207355776,3.0007528767319966,4.666151634455581,3.9959081867141344,3.777982472768169,54.337774836520666,0.1002334681331691,5.467717696768946,0.5875380746210915,2026-10-03T20:35:20.283773+00:00
401860899,2026-10-03 22:00:00+00:00,2026-10-03 06:00 PM ET,Oregon State,Colorado State,0.5189967969936407,0.46934053444632506,0.30600481705092625,0.24997027124752233,0.36323141646725543,0.36701264470785966,1.48951592479634,-1.2820548296507999,-5.676793675951909,-6.4264118032102955,-4.676953686149953,-5.07249860423315,57.98880852372841,0.11175269753960214,3.742098064266222,0.36701264470785966,2026-10-03T20:35:20.283773+00:00
401862790,2026-10-03 22:00:00+00:00,2026-10-03 06:00 PM ET,Texas Southern,Florida Atlantic,0.9468060881971008,0.9920079468011153,0.9883844311468022,0.9916112640412978,0.992646745126038,0.9912272576092117,29.234347680162827,40.152340324305676,39.58639513883444,41.595099398393685,40.173077349905995,39.19766678549599,65.77959942446503,0.019905003783067466,5.668571053809819,0.9912272576092117,2026-10-03T20:35:20.283773+00:00
401866653,2026-10-03 22:00:00+00:00,2026-10-03 06:00 PM ET,North Carolina A&T,Bryant,0.8620632977505807,0.8700278120571904,0.8255861715634931,0.8906739221630435,0.8276425712111023,0.8420335384011579,18.875129297485156,18.774302740362227,15.332810476671142,12.88123947567766,15.710207780303588,15.924585638341286,52.656031397897216,0.028114759150744243,2.9021137100742975,0.8420335384011579,2026-10-03T20:35:20.283773+00:00
401866657,2026-10-03 22:00:00+00:00,2026-10-03 06:00 PM ET,Campbell,North Carolina Central,0.5069727262507044,0.41626660388626,0.28302902849472117,0.3424530846304101,0.29107884757650937,0.32395463790444845,1.0131234455470368,-3.52402778074039,-8.9287188185635,-11.507764204289897,-8.05956608562443,-7.704386802507706,54.26626116755987,0.09411781219451278,5.596135601102843,0.32395463790444845,2026-10-03T20:35:20.283773+00:00
401868143,2026-10-03 22:00:00+00:00,2026-10-03 06:00 PM ET,North Alabama,Eastern Kentucky,0.5907517999108352,0.4052525018436155,0.39925059730526863,0.3842095332640357,0.39840035772006543,0.3996411201573594,4.370278928011606,-3.9960146158224803,-4.1783067803188105,-4.0037390340979835,-4.092098890029864,-4.092093456146676,45.73949290209204,0.087090643207144,4.215656592808726,0.3996411201573594,2026-10-03T20:35:20.283773+00:00
401868173,2026-10-03 22:00:00+00:00,2026-10-03 06:00 PM ET,Gardner-Webb,Charleston Southern,0.5368848773569075,0.45978832848050416,0.41400919801219693,0.4641418269273102,0.43945487095453334,0.43967145070660274,2.20002313897676,-1.6826870551178803,-2.472219139092519,-1.839499386139626,-2.1256733176003353,-2.284320176095978,45.62105853325056,0.045893794643283255,2.1266427746526855,0.43967145070660274,2026-10-03T20:35:20.283773+00:00
401868309,2026-10-03 22:00:00+00:00,2026-10-03 06:00 PM ET,Incarnate Word,Stephen F. Austin,0.9004681612198355,0.934838709092044,0.8673825891209237,0.8714720692945808,0.8940608416317775,0.8956436244642059,22.53636545470817,25.212408268407074,20.25816449563567,14.59863827424133,20.338067453029158,20.284447878064995,57.21091192454468,0.02704164936685762,4.514659450445275,0.8956436244642059,2026-10-03T20:35:20.283773+00:00
401868391,2026-10-03 22:00:00+00:00,2026-10-03 06:00 PM ET,Tennessee Tech,Western Carolina,0.30737288706183913,0.3075872823407433,0.24345371314517966,0.29510589863154524,0.31156806283902383,0.29153946575779893,-7.304237855715874,-8.37786931808193,-7.974157362752067,-8.814819101308174,-8.263841966951537,-8.548611979931014,59.22312855344288,0.028387538872747742,0.6418692089667344,0.29153946575779893,2026-10-03T20:35:20.283773+00:00
401856711,2026-10-03 23:00:00+00:00,2026-10-03 07:00 PM ET,Arkansas,Texas A&M,0.7888706939053037,0.8667817232793754,0.806457684719317,0.8370476031919356,0.8130399940241806,0.8262894304793198,13.783671358859417,18.520711121042474,14.42838161060709,13.26253618311032,15.25766439521449,15.189390438613568,57.35417403457721,0.030208704536502998,2.395856474368963,0.8262894304793198,2026-10-03T20:35:20.283773+00:00
401856818,2026-10-03 23:00:00+00:00,2026-10-03 07:00 PM ET,BYU,TCU,0.3163149901542969,0.5075076868999304,0.3494580176548702,0.3098983182254355,0.4191078615943761,0.4151093501167219,-6.89178226117521,0.3136502425509389,-3.3131851329991155,-3.7760477237969496,-2.4541664008887483,-2.9524318587922256,50.83738524753715,0.08320070319755897,2.951358765526576,0.4151093501167219,2026-10-03T20:35:20.283773+00:00
401862788,2026-10-03 23:00:00+00:00,2026-10-03 07:00 PM ET,UTSA,Rice,0.1922033993137087,0.27274488608843206,0.15950595129419146,0.1472399403786549,0.1828184338751755,0.19661599477648362,-13.47380367719309,-10.074962670336117,-14.680254869614117,-14.020676125207423,-13.318176103629352,-13.528992302247879,53.71203258986052,0.04913599242944062,2.0518107688238905,0.19661599477648362,2026-10-03T20:35:20.283773+00:00
401867688,2026-10-03 23:00:00+00:00,2026-10-03 07:00 PM ET,Chicago State,Tarleton State,0.9745320817577621,0.9850619077586623,0.9726254470449103,0.9889595585214448,0.984791855910379,0.9819334515493304,36.810012806683744,36.19339619027505,35.125567903644026,38.862734821745896,36.22102356677876,34.97145282979368,61.89730014183054,0.007176531735402458,1.5722404636663043,0.9819334515493304,2026-10-03T20:35:20.283773+00:00
401867840,2026-10-03 23:00:00+00:00,2026-10-03 07:00 PM ET,Colgate,Harvard,0.7398346590811273,0.566956898712287,0.6067567506552968,0.6197467859804281,0.5424315664835311,0.5710554032180557,11.081347015940723,2.8103705600989146,1.7291818094803766,3.0509983747783718,2.302793290652476,2.5922250880520536,45.80552658569643,0.07623710835604182,4.314052761736856,0.5710554032180557,2026-10-03T20:35:20.283773+00:00
401867848,2026-10-03 23:00:00+00:00,2026-10-03 07:00 PM ET,South Dakota State,Illinois State,0.6776220518789653,0.6263444299614032,0.4874066289034991,0.53952492933241,0.5094282449502414,0.5350385485704429,8.089788529697143,5.369473771958148,0.3835319756659059,2.352715814308862,2.131195914828299,1.7732258162532832,54.211938264625424,0.08086689229394715,3.3854915320231007,0.5350385485704429,2026-10-03T20:35:20.283773+00:00
401868248,2026-10-03 23:00:00+00:00,2026-10-03 07:00 PM ET,UT Rio Grande Valley,East Texas A&M,0.24165020206641863,0.3606123298532898,0.3063683309205944,0.24223145918287434,0.3111583754255844,0.31734427171848745,-10.582625889543591,-5.946702149656688,-7.992965436982318,-8.166625086085507,-7.489276343468715,-7.5678577137866005,47.51372505711361,0.050725578492685705,1.8969404977134237,0.31734427171848745,2026-10-03T20:35:20.283773+00:00
401868936,2026-10-03 23:00:00+00:00,2026-10-03 07:00 PM ET,Arkansas-Pine Bluff,Southern,0.5696643758058922,0.556014553901837,0.4503186584511867,0.5443663302748889,0.47027511323408344,0.49160187017648643,3.5132052708369623,2.3477359396699473,-1.2101882511073372,3.009442569028834,0.6491172982698897,0.1551584259713507,56.87219636552174,0.05400889867953434,2.137453829007542,0.49160187017648643,2026-10-03T20:35:20.283773+00:00
401869131,2026-10-03 23:00:00+00:00,2026-10-03 07:00 PM ET,Northwestern State,Lamar,0.9722773420989901,0.9945886540539832,0.9841297894488557,0.9930845385249553,0.9906950797262023,0.990074679270956,35.94744933682101,42.470441002080065,38.18646359682146,37.47130194532491,39.16448978461148,38.32392522664935,57.66711857456825,0.009127534842276849,2.79493651984085,0.990074679270956,2026-10-03T20:35:20.283773+00:00
401869151,2026-10-03 23:00:00+00:00,2026-10-03 07:00 PM ET,Nicholls,Houston Christian,0.5416735052906471,0.8885119783632115,0.821399996734406,0.8048829323011589,0.8517884303231666,0.8492350451484245,2.3907897716933904,20.309716157578933,16.943254049116547,14.030978395132617,17.200586503716018,16.91364530409387,54.037300123508835,0.13788349358717258,7.786703918966485,0.8492350451484245,2026-10-03T20:35:20.283773+00:00
401869942,2026-10-03 23:00:00+00:00,2026-10-03 07:00 PM ET,Georgia Southern,Coastal Carolina,0.44670012457338953,0.5402237494610541,0.4655960182651888,0.39859572969747137,0.4709176200738372,0.4817345930276229,-1.3812110671830058,1.6831941872179024,-1.183982908925274,-3.8673148841480067,-1.008967433524826,-0.8730201961046838,51.32662344293291,0.05107993288124257,2.2700829030300773,0.4817345930276229,2026-10-03T20:35:20.283773+00:00
401871089,2026-10-03 23:00:00+00:00,2026-10-03 07:00 PM ET,UL Monroe,South Alabama,0.8899109857614877,0.9176770631415208,0.8738261771151783,0.8839767864687537,0.8681162792083486,0.8830647190747267,21.421821424217843,23.158922026204976,18.134260542635566,16.288973736838585,19.062458297847062,19.110216934608047,60.31209404297681,0.019289859679823083,3.1093969987771377,0.8830647190747267,2026-10-03T20:35:20.283773+00:00
401856821,2026-10-03 23:30:00+00:00,2026-10-03 07:30 PM ET,Texas Tech,Colorado,0.10203845010899874,0.25602369577474515,0.13170990191612048,0.13808887263251024,0.15145199574279067,0.1712701071523924,-20.788502027216158,-10.92692549601136,-16.717556565208472,-15.628750095615494,-14.948460266029816,-15.111672275924068,45.74125565157414,0.05883875393281167,4.054528239145379,0.1712701071523924,2026-10-03T20:35:20.283773+00:00
401858249,2026-10-03 23:30:00+00:00,2026-10-03 07:30 PM ET,Miami,Clemson,0.2510412007684503,0.15104362451843095,0.10442505449528693,0.10638919548204949,0.10889211228793938,0.11824145197721318,-10.081928846020244,-17.198477730429662,-19.99892491668031,-20.662407782191142,-19.402215558991227,-19.226796125136545,51.10344380276689,0.06268991614592032,4.8409721730913216,0.11824145197721318,2026-10-03T20:35:20.283773+00:00
401858478,2026-10-03 23:30:00+00:00,2026-10-03 07:30 PM ET,Washington,USC,0.6202017072436004,0.8016923040749303,0.7386282075826762,0.7526404619345483,0.7538169289252388,0.7614464259514659,5.590979687930096,14.127216178582135,11.140706394517876,8.94077167813155,11.45244563089145,11.447017954706565,60.25087619154134,0.06762409465640656,3.6003016809092814,0.7614464259514659,2026-10-03T20:35:20.283773+00:00
401860898,2026-10-03 23:30:00+00:00,2026-10-03 07:30 PM ET,Utah State,Boise State,0.8986539730656922,0.908042684409221,0.8980183046649128,0.8942717659963192,0.9004428433842506,0.9012676957022543,22.33761889957536,22.145365929593726,20.836851576901292,17.761918289569067,20.514248431400095,20.6275797047849,50.06881893740301,0.0050834873548860505,2.1136133669474777,0.9012676957022543,2026-10-03T20:35:20.283773+00:00
401862792,2026-10-03 23:30:00+00:00,2026-10-03 07:30 PM ET,Temple,South Florida,0.8934762854223244,0.8260013854256116,0.839815006119947,0.9051292062795983,0.806434447975324,0.8269993205196358,21.78724857978221,15.640456742192086,14.033694328452718,14.587259073399498,14.579270430195225,14.872486298359519,57.31343899524207,0.04306983977729761,3.5793137962650414,0.8269993205196358,2026-10-03T20:35:20.283773+00:00
401869842,2026-10-03 23:30:00+00:00,2026-10-03 07:30 PM ET,Army,Louisiana Tech,0.36468263501403786,0.49657190072306906,0.5546842527115204,0.4166117932886681,0.5663076532870244,0.5353006225568567,-4.757203382511483,-0.1432097456798529,2.7096201921342455,0.8185247053544676,1.543385849189444,1.4846273696023546,53.926875751236366,0.08748896388187902,3.17241954499951,0.5353006225568567,2026-10-03T20:35:20.283773+00:00
401856706,2026-10-03 23:45:00+00:00,2026-10-03 07:45 PM ET,McNeese,LSU,0.9836838160558233,0.9992293927743634,0.9978448378603751,0.9952826863539302,0.9992893967655876,0.9985953673200074,41.30965051112703,52.777132608951376,51.7693998266984,49.27492015428382,51.493465133923046,49.788781184111194,58.90857603195071,0.006566847108756491,5.195017389855864,0.9985953673200074,2026-10-03T20:35:20.283773+00:00
401858477,2026-10-04 00:00:00+00:00,2026-10-03 08:00 PM ET,Indiana,Rutgers,0.033424093560276535,0.09341150236376489,0.05261822986671393,0.10293407515337871,0.05416864188038464,0.06684542509673036,-32.56398630647375,-21.999341107815635,-26.056009693297874,-20.86863328814986,-23.854230078058794,-23.99455655168849,62.6236400469881,0.029526095262227263,5.286702691257331,0.06684542509673036,2026-10-03T20:35:20.283773+00:00
401868053,2026-10-04 00:00:00+00:00,2026-10-03 08:00 PM ET,West Florida,Abilene Christian,0.7236462551132966,0.6031208707216873,0.6392767015928323,0.6295219832825508,0.6428019326642825,0.6312169808208706,10.264891728995632,4.3569750264565865,5.93843552741142,3.1079793836123426,4.90429224635848,5.1483681672034844,50.519746932272085,0.045223092126823704,3.12137238462187,0.6312169808208706,2026-10-03T20:35:20.283773+00:00
401868077,2026-10-04 00:00:00+00:00,2026-10-03 08:00 PM ET,Weber State,Cal Poly,0.6568316165357466,0.6743414327261045,0.6244357346509645,0.6320220155658126,0.6081649210240975,0.6306111768038527,7.162772678361624,7.531788444371609,4.45497195622329,5.851343483434881,5.572864692556945,5.469733407602435,58.93650625460705,0.026355592236558704,1.3972816564723465,0.6306111768038527,2026-10-03T20:35:20.283773+00:00
401868104,2026-10-04 00:00:00+00:00,2026-10-03 08:00 PM ET,Northern Arizona,Idaho State,0.761783253395555,0.8149868751075584,0.8194573699183845,0.8168993084864702,0.8152401152535478,0.8163187702864314,12.24307092648165,14.939548552055353,14.56174707060858,13.074753121935085,14.338271043463312,14.422490289257858,52.77167905196505,0.024599932298370104,1.2639321210600927,0.8163187702864314,2026-10-03T20:35:20.283773+00:00
401868160,2026-10-04 00:00:00+00:00,2026-10-03 08:00 PM ET,Southern Utah,Utah Tech,0.19184398381018822,0.22313467397914183,0.178350365793443,0.14980689178533524,0.2336426971977213,0.21066400945599686,-13.496732557973036,-12.693428646064241,-11.795512072707194,-11.675128755246675,-12.00692493427487,-12.47384448718728,55.10204947651711,0.03396238000199787,0.8522211035462175,0.21066400945599686,2026-10-03T20:35:20.283773+00:00
401869932,2026-10-04 00:00:00+00:00,2026-10-03 08:00 PM ET,Arkansas State,Louisiana,0.6724605734561135,0.7458333340200163,0.6487182586807304,0.7587257357649381,0.6187772228236178,0.6679549422695921,7.856892626059645,11.023287434733259,4.90497391823468,7.693895891022912,7.130582333204413,7.059688914034864,50.497290066131356,0.06107182003892465,2.5010521483540185,0.6679549422695921,2026-10-03T20:35:20.283773+00:00
401860921,2026-10-04 01:30:00+00:00,2026-10-03 09:30 PM ET,Fresno State,Washington State,0.4225571073219563,0.5469729903742513,0.46427613366063897,0.3950644754498488,0.524612596346045,0.5052418282836693,-2.3538925307360854,1.9668410245456198,1.0017595706057394,-2.1145582740420226,0.5792785839220199,0.3953684079831895,45.00442404388342,0.06481487830308988,2.1849305809629453,0.5052418282836693,2026-10-03T20:35:20.283773+00:00
401856817,2026-10-04 02:30:00+00:00,2026-10-03 10:30 PM ET,Baylor,Arizona State,0.637307370260114,0.6629174316186148,0.607463073949008,0.5969895587927113,0.5493594478814307,0.5962758411089605,6.3164093018346374,7.0069077163558875,2.0128581261852396,2.6544431269407536,3.473892289168225,3.6980432040930418,48.50818274028914,0.04299904618421315,2.5282313922375876,0.5962758411089605,2026-10-03T20:35:20.283773+00:00
401860900,2026-10-04 02:30:00+00:00,2026-10-03 10:30 PM ET,Texas State,San Diego State,0.3463512702561019,0.5286238625900849,0.3201416665644903,0.3889901259253767,0.34897899479836364,0.388819667723888,-5.549220952038979,1.1967824500371758,-6.297379470976423,-9.522233464083142,-5.015804841531248,-4.780219941279986,53.179955411495456,0.08310911371789627,4.502893327568513,0.388819667723888,2026-10-03T20:35:20.283773+00:00
401868086,2026-10-04 02:30:00+00:00,2026-10-03 10:30 PM ET,Eastern Washington,UC Davis,0.8633976974273606,0.6760703113898502,0.7315907145549219,0.7878672445791088,0.7280563888194452,0.7203827077946513,18.986656052795105,7.6118644488966885,9.848949179021398,12.457550364799737,9.824407641325626,9.611214712192965,57.307470974560566,0.07124859607671903,4.922760169694142,0.7203827077946513,2026-10-03T20:35:20.283773+00:00
401856820,2026-10-04 03:00:00+00:00,2026-10-03 11:00 PM ET,Cincinnati,Arizona,0.7002963422430531,0.6732186094905691,0.7186838688148585,0.6613277576668585,0.7077579048675876,0.6988324583513376,9.137416306190602,7.479876040454873,8.873721487677086,7.740967081977671,8.258501951194694,8.321866329261947,56.20428889912979,0.024095470607621572,0.8196112560226355,0.6988324583513376,2026-10-03T20:35:20.283773+00:00
401864513,2026-10-04 03:59:00+00:00,2026-10-03 11:59 PM ET,San José State,Hawai'i,0.6753441164738442,0.6398576086074863,0.5201915799223338,0.524778888959447,0.5320495011179807,0.5554550321393433,7.986766950427603,5.967628809927297,1.3050270566652218,-0.6982480417553976,2.103054842489658,2.1736650877037023,51.35705944148032,0.07346257892402923,4.024290130818478,0.5554550321393433,2026-10-03T20:35:20.283773+00:00
