event_id,date_utc,kickoff_et,status,state,scoreboard_group,away,away_id,away_abbr,home,home_id,home_abbr,away_rank,home_rank,away_record,home_record,away_conf_record,home_conf_record,venue,venue_city,venue_state,indoor,neutral,conf_game,broadcast,wx_condition,wx_temp_f,market_spread_REFERENCE_ONLY,market_total_REFERENCE_ONLY,wx_gust_mph,wx_precip_pct,away_conf,home_conf,data_pulled_utc
401862787,2026-10-03T15:00Z,2026-10-03 11:00 AM ET,STATUS_FINAL,post,80,Memphis,235,MEM,Charlotte,2429,CLT,99,99,4-1,0-5,1-0,0-1,Jerry Richardson Stadium,Charlotte,NC,False,False,True,ESPN+,,,,,,,American,American,2026-10-03T20:20:09+00:00
401856707,2026-10-03T16:00Z,2026-10-03 12:00 PM ET,STATUS_FINAL,post,80,Alabama,333,ALA,Mississippi State,344,MSST,7,16,5-0,4-1,3-0,2-1,Davis Wade Stadium,Starkville,MS,False,False,True,ABC,,,,,,,Southeastern,Southeastern,2026-10-03T20:20:09+00:00
401856807,2026-10-03T16:00Z,2026-10-03 12:00 PM ET,STATUS_FINAL,post,80,Middle Tennessee,2393,MTSU,Kansas,2305,KU,99,99,2-3,2-2,0-1,0-1,David Booth Kansas Memorial Stadium,Lawrence,KS,False,False,False,ESPNU,,,,,,,,Big 12,2026-10-03T20:20:09+00:00
401856819,2026-10-03T16:00Z,2026-10-03 12:00 PM ET,STATUS_FINAL,post,80,UCF,2116,UCF,Houston,248,HOU,99,20,3-2,4-1,1-1,1-1,TDECU Stadium,Houston,TX,False,False,True,ESPN2,,,,,,,Big 12,Big 12,2026-10-03T20:20:09+00:00
401856822,2026-10-03T16:00Z,2026-10-03 12:00 PM ET,STATUS_FINAL,post,80,West Virginia,277,WVU,Iowa State,66,ISU,99,99,3-2,3-2,0-2,1-1,Jack Trice Stadium,Ames,IA,False,False,True,TNT,,,,,,,Big 12,Big 12,2026-10-03T20:20:09+00:00
401858246,2026-10-03T16:00Z,2026-10-03 12:00 PM ET,STATUS_FINAL,post,80,Boston College,103,BC,SMU,2567,SMU,99,21,2-3,4-1,0-2,2-1,Gerald J. Ford Stadium,Dallas,TX,False,False,True,CW,,,,,,,Atlantic Coast,Atlantic Coast,2026-10-03T20:20:09+00:00
401858250,2026-10-03T16:00Z,2026-10-03 12:00 PM ET,STATUS_FINAL,post,80,Notre Dame,87,ND,North Carolina,153,UNC,3,99,5-0,2-2,0-0,0-1,Kenan Stadium,Chapel Hill,NC,False,False,False,"ESPN, Disney+",,,,,,,,Atlantic Coast,2026-10-03T20:20:09+00:00
401858251,2026-10-03T16:00Z,2026-10-03 12:00 PM ET,STATUS_FINAL,post,80,Stanford,24,STAN,Wake Forest,154,WAKE,99,99,2-3,4-1,1-3,2-1,Allegacy Federal Credit Union Stadium,Winston-Salem,NC,False,False,True,ACC Network,,,,,,,Atlantic Coast,Atlantic Coast,2026-10-03T20:20:09+00:00
401858252,2026-10-03T16:00Z,2026-10-03 12:00 PM ET,STATUS_FINAL,post,80,Syracuse,183,SYR,UConn,41,CONN,99,99,2-2,2-3,0-2,0-0,Pratt & Whitney Stadium,East Hartford,CT,False,False,False,CBSSN,,,,,,,Atlantic Coast,,2026-10-03T20:20:09+00:00
401858474,2026-10-03T16:00Z,2026-10-03 12:00 PM ET,STATUS_FINAL,post,80,Michigan,130,MICH,Minnesota,135,MINN,99,99,3-2,4-1,0-2,2-0,Huntington Bank Stadium,Minneapolis,MN,False,False,True,FOX,,,,,,,Big Ten,Big Ten,2026-10-03T20:20:09+00:00
401862791,2026-10-03T16:00Z,2026-10-03 12:00 PM ET,STATUS_FINAL,post,80,Navy,2426,NAVY,Air Force,2005,AFA,99,99,1-3,3-1,0-2,1-1,Falcon Stadium,USAF Academy,CO,False,False,False,CBS,,,,,,,American,Mountain West,2026-10-03T20:20:09+00:00
401866654,2026-10-03T16:00Z,2026-10-03 12:00 PM ET,STATUS_FINAL,post,81,Brown,225,BRWN,Rhode Island,227,URI,99,99,1-2,3-3,0-1,1-2,Centreville Bank Stadium,Pawtucket,RI,False,False,False,FloSports,,,,,,,Ivy League,Coastal Athletic Association,2026-10-03T20:20:09+00:00
401867819,2026-10-03T16:00Z,2026-10-03 12:00 PM ET,STATUS_FINAL,post,81,Princeton,163,PRIN,Columbia,171,COLU,99,99,2-1,2-1,1-0,0-1,Lawrence A. Wien Stadium,New York,NY,False,False,True,ESPN+,,,,,,,Ivy League,Ivy League,2026-10-03T20:20:09+00:00
401867899,2026-10-03T16:00Z,2026-10-03 12:00 PM ET,STATUS_FINAL,post,81,Wagner,2681,WAG,Central Connecticut,2115,CCSU,99,99,1-4,1-3,0-2,1-0,Arute Field,New Britain,CT,False,False,True,,,,,,,,Northeast,Northeast,2026-10-03T20:20:09+00:00
401867910,2026-10-03T16:00Z,2026-10-03 12:00 PM ET,STATUS_FINAL,post,81,Mercyhurst,2385,MERC,Long Island University,2341,LIU,99,99,1-5,1-5,0-1,1-0,Shark Stadium,Brookville,NY,False,False,True,"ESPN+, NEC Front Row",,,,,,,Northeast,Northeast,2026-10-03T20:20:09+00:00
401868010,2026-10-03T16:00Z,2026-10-03 12:00 PM ET,STATUS_FINAL,post,81,Fordham,2230,FOR,Lehigh,2329,LEH,99,99,1-5,6-0,1-2,4-0,Goodman Stadium,Bethlehem,PA,False,False,True,ESPN+,,,,,,,Patriot League,Patriot League,2026-10-03T20:20:09+00:00
401868276,2026-10-03T16:00Z,2026-10-03 12:00 PM ET,STATUS_FINAL,post,81,St. Thomas,2900,STMN,Presbyterian,2506,PRES,99,99,4-2,2-3,1-1,1-1,Bailey Memorial Stadium,Clinton,SC,False,False,True,ESPN+,,,,,,,,,2026-10-03T20:20:09+00:00
401870840,2026-10-03T16:00Z,2026-10-03 12:00 PM ET,STATUS_FINAL,post,81,Merrimack,2771,MRMK,Yale,43,YALE,99,99,2-4,2-1,0-0,0-1,Yale Bowl,New Haven,CT,False,False,False,ESPN+,,,,,,,FCS Independents,Ivy League,2026-10-03T20:20:09+00:00
401858479,2026-10-03T16:30Z,2026-10-03 12:30 PM ET,STATUS_FINAL,post,80,Michigan State,127,MSU,Wisconsin,275,WIS,99,99,2-3,4-1,0-2,2-0,Camp Randall Stadium,Madison,WI,False,False,True,BTN,,,,,,,Big Ten,Big Ten,2026-10-03T20:20:09+00:00
401867828,2026-10-03T16:30Z,2026-10-03 12:30 PM ET,STATUS_FINAL,post,81,Cornell,172,COR,Georgetown,46,GTWN,99,99,2-1,0-4,1-0,0-2,Cooper Field,Washington,DC,False,False,False,ESPN+,,,,,,,Ivy League,Patriot League,2026-10-03T20:20:09+00:00
401868029,2026-10-03T16:30Z,2026-10-03 12:30 PM ET,STATUS_FINAL,post,81,Richmond,257,RICH,Lafayette,322,LAF,99,99,5-1,1-4,3-0,0-2,Fisher Stadium,Easton,PA,False,False,True,ESPN+,,,,,,,Patriot League,Patriot League,2026-10-03T20:20:09+00:00
401856705,2026-10-03T16:45Z,2026-10-03 12:45 PM ET,STATUS_FINAL,post,80,Vanderbilt,238,VAN,Georgia,61,UGA,99,2,3-2,5-0,0-2,3-0,Sanford Stadium,Athens,GA,False,False,True,SEC Network,,,,,,,Southeastern,Southeastern,2026-10-03T20:20:09+00:00
401866432,2026-10-03T17:00Z,2026-10-03 01:00 PM ET,STATUS_FINAL,post,80,Western Michigan,2711,WMU,Buffalo,2084,BUFF,99,99,3-2,2-3,1-0,0-1,Broadview Stadium,Buffalo,NY,False,False,True,ESPN+,,,,,,,,,2026-10-03T20:20:09+00:00
401866650,2026-10-03T17:00Z,2026-10-03 01:00 PM ET,STATUS_IN_PROGRESS,in,81,Elon,2210,ELON,New Hampshire,160,UNH,99,99,4-1,1-4,2-1,0-2,Wildcat Stadium (NH),Durham,NH,False,False,True,FloSports,1,61.0,,,,,Coastal Athletic Association,Coastal Athletic Association,2026-10-03T20:20:09+00:00
401866651,2026-10-03T17:00Z,2026-10-03 01:00 PM ET,STATUS_FINAL,post,81,Towson,119,TOW,Monmouth,2405,MONM,99,99,0-6,4-2,0-2,3-0,Kessler Stadium,West Long Branch,NJ,False,False,True,FloSports,,,,,,,Coastal Athletic Association,Coastal Athletic Association,2026-10-03T20:20:09+00:00
401867967,2026-10-03T17:00Z,2026-10-03 01:00 PM ET,STATUS_IN_PROGRESS,in,81,Morgan State,2415,MORG,Villanova,222,VILL,99,99,3-1,2-3,0-0,1-2,Villanova Stadium,Philadelphia,PA,False,False,False,ESPN+,6,70.0,,,,,Mid-Eastern Athletic,Patriot League,2026-10-03T20:20:09+00:00
401868228,2026-10-03T17:00Z,2026-10-03 01:00 PM ET,STATUS_IN_PROGRESS,in,81,Dayton,2168,DAY,Drake,2181,DRKE,99,99,3-0,1-3,0-0,1-0,Drake Stadium (IA),Des Moines,IA,False,False,True,ESPN+,1,69.0,,,,,,,2026-10-03T20:20:09+00:00
401868264,2026-10-03T17:00Z,2026-10-03 01:00 PM ET,STATUS_FINAL,post,81,Marist,2368,MRST,Stetson,56,STET,99,99,3-2,1-4,2-0,0-1,Spec Martin Memorial Stadium,DeLand,FL,False,False,True,YouTube,,,,,,,,,2026-10-03T20:20:09+00:00
401868270,2026-10-03T17:00Z,2026-10-03 01:00 PM ET,STATUS_FINAL,post,81,Valparaiso,2674,VAL,Morehead State,2413,MORE,99,99,2-3,1-4,1-1,0-1,Phil Simms Stadium,Morehead,KY,False,False,True,ESPN+,,,,,,,,,2026-10-03T20:20:09+00:00
401867835,2026-10-03T17:30Z,2026-10-03 01:30 PM ET,STATUS_FINAL,post,81,Pennsylvania,219,PENN,Dartmouth,159,DART,99,99,1-2,1-2,0-1,1-0,Memorial Field (Dartmouth),Hanover,NH,False,False,True,ESPN+,,,,,,,Ivy League,Ivy League,2026-10-03T20:20:09+00:00
401868381,2026-10-03T17:30Z,2026-10-03 01:30 PM ET,STATUS_IN_PROGRESS,in,81,Mercer,2382,MER,VMI,2678,VMI,99,99,3-2,0-5,0-1,0-1,Foster Stadium,Lexington,VA,False,False,True,ESPN+,7,56.0,,,,,Southern,Southern,2026-10-03T20:20:09+00:00
401866431,2026-10-03T18:00Z,2026-10-03 02:00 PM ET,STATUS_IN_PROGRESS,in,80,Toledo,2649,TOL,Ball State,2050,BALL,99,99,3-1,1-3,0-0,0-1,Scheumann Stadium,Muncie,IN,False,False,True,ESPN+,1,68.0,,,,,,,2026-10-03T20:20:09+00:00
401867869,2026-10-03T18:00Z,2026-10-03 02:00 PM ET,STATUS_IN_PROGRESS,in,81,Murray State,93,MUR,North Dakota,155,UND,99,99,1-4,4-1,0-1,1-0,Alerus Center,Grand Forks,ND,True,False,True,"ESPN+, Midco Sports Plus",1,65.0,,,,,Missouri Valley Football,Missouri Valley Football,2026-10-03T20:20:09+00:00
401867918,2026-10-03T18:00Z,2026-10-03 02:00 PM ET,STATUS_IN_PROGRESS,in,81,Norfolk State,2450,NORF,Robert Morris,2523,RMU,99,99,3-2,2-2,0-0,1-0,Joe Walton Stadium,Moon Township,PA,False,False,False,ESPN+,2,67.0,,,,,Mid-Eastern Athletic,Northeast,2026-10-03T20:20:09+00:00
401867986,2026-10-03T18:00Z,2026-10-03 02:00 PM ET,STATUS_IN_PROGRESS,in,81,The Citadel,2643,CIT,South Carolina State,2569,SCST,99,99,1-3,5-0,0-2,0-0,Oliver C. Dawson Stadium,Orangeburg,SC,False,False,False,,7,86.0,,,,,Southern,Mid-Eastern Athletic,2026-10-03T20:20:09+00:00
401868375,2026-10-03T18:00Z,2026-10-03 02:00 PM ET,STATUS_IN_PROGRESS,in,81,Wofford,2747,WOF,Furman,231,FUR,99,99,2-3,2-3,1-2,1-0,Paladin Stadium,Greenville,SC,False,False,True,ESPN+,6,82.0,,,,,Southern,Southern,2026-10-03T20:20:09+00:00
401866656,2026-10-03T19:00Z,2026-10-03 03:00 PM ET,STATUS_IN_PROGRESS,in,81,Howard,47,HOW,Hampton,2261,HAMP,99,99,1-3,1-4,0-0,0-2,Audi Field,Washington,DC,False,True,False,,7,65.0,,,,,Mid-Eastern Athletic,Coastal Athletic Association,2026-10-03T20:20:09+00:00
401867859,2026-10-03T19:00Z,2026-10-03 03:00 PM ET,STATUS_IN_PROGRESS,in,81,Indiana State,282,INST,South Dakota,233,SDAK,99,99,2-3,3-2,0-1,0-1,The DakotaDome,Vermillion,SD,True,False,True,"ESPN+, Midco Sports Plus",1,77.0,,,,,Missouri Valley Football,Missouri Valley Football,2026-10-03T20:20:09+00:00
401868359,2026-10-03T19:00Z,2026-10-03 03:00 PM ET,STATUS_IN_PROGRESS,in,81,Alcorn State,2016,ALCN,Grambling,2755,GRAM,99,99,3-2,2-2,2-0,0-1,Eddie G. Robinson Memorial Stadium,Grambling,LA,False,False,True,,15,82.0,,,,,,,2026-10-03T20:20:09+00:00
401868965,2026-10-03T19:00Z,2026-10-03 03:00 PM ET,STATUS_IN_PROGRESS,in,81,Prairie View A&M,2504,PV,Mississippi Valley State,2400,MVSU,99,99,2-3,1-4,2-0,0-1,Rice-Totten Stadium,Itta Bena,MS,False,False,True,,2,85.0,,,,,,,2026-10-03T20:20:09+00:00
401856710,2026-10-03T19:30Z,2026-10-03 03:30 PM ET,STATUS_IN_PROGRESS,in,80,Auburn,2,AUB,Tennessee,2633,TENN,99,17,3-1,3-1,1-1,0-1,Neyland Stadium,Knoxville,TN,False,False,True,ESPN,7,75.0,,,,,Southeastern,Southeastern,2026-10-03T20:20:09+00:00
401858247,2026-10-03T19:30Z,2026-10-03 03:30 PM ET,STATUS_IN_PROGRESS,in,80,California,25,CAL,UNLV,2439,UNLV,99,99,2-2,2-2,1-1,1-0,Allegiant Stadium,Las Vegas,NV,True,False,False,CBSSN,1,91.0,,,,,Atlantic Coast,Mountain West,2026-10-03T20:20:09+00:00
401858248,2026-10-03T19:30Z,2026-10-03 03:30 PM ET,STATUS_IN_PROGRESS,in,80,Louisville,97,LOU,NC State,152,NCSU,99,99,2-2,2-2,1-1,0-1,Carter-Finley Stadium,Raleigh,NC,False,False,True,ACC Network,12,70.0,,,,,Atlantic Coast,Atlantic Coast,2026-10-03T20:20:09+00:00
401858253,2026-10-03T19:30Z,2026-10-03 03:30 PM ET,STATUS_IN_PROGRESS,in,80,Virginia,258,UVA,Florida State,52,FSU,99,99,3-1,2-2,1-0,0-1,Doak Campbell Stadium,Tallahassee,FL,False,False,True,ESPN2,17,81.0,,,,,Atlantic Coast,Atlantic Coast,2026-10-03T20:20:09+00:00
401858473,2026-10-03T19:30Z,2026-10-03 03:30 PM ET,STATUS_IN_PROGRESS,in,80,Ohio State,194,OSU,Iowa,2294,IOWA,5,14,3-1,4-0,1-0,1-0,Kinnick Stadium,Iowa City,IA,False,False,True,CBS,1,71.0,,,,,Big Ten,Big Ten,2026-10-03T20:20:09+00:00
401862793,2026-10-03T19:30Z,2026-10-03 03:30 PM ET,STATUS_IN_PROGRESS,in,80,Samford,2535,SAM,UAB,5,UAB,99,99,1-3,2-2,1-1,1-0,Protective Stadium,Birmingham,AL,False,False,False,ESPN+,6,86.0,,,,,Southern,American,2026-10-03T20:20:09+00:00
401864515,2026-10-03T19:30Z,2026-10-03 03:30 PM ET,STATUS_IN_PROGRESS,in,80,Wyoming,2751,WYO,North Dakota State,2449,NDSU,99,99,2-2,4-0,1-0,1-0,Fargodome,Fargo,ND,True,False,True,CW,7,58.0,,,,,Mountain West,Mountain West,2026-10-03T20:20:09+00:00
401866430,2026-10-03T19:30Z,2026-10-03 03:30 PM ET,STATUS_IN_PROGRESS,in,80,Akron,2006,AKR,Central Michigan,2117,CMU,99,99,1-3,2-2,0-0,0-0,Kelly/Shorts Stadium,Mount Pleasant,MI,False,False,True,ESPN+,1,64.0,,,,,,,2026-10-03T20:20:09+00:00
401866433,2026-10-03T19:30Z,2026-10-03 03:30 PM ET,STATUS_IN_PROGRESS,in,80,Eastern Michigan,2199,EMU,Massachusetts,113,MASS,99,99,2-3,4-0,1-0,1-0,Warren McGuirk Alumni Stadium,Amherst,MA,False,False,True,ESPN+,1,68.0,,,,,,,2026-10-03T20:20:09+00:00
401866434,2026-10-03T19:30Z,2026-10-03 03:30 PM ET,STATUS_IN_PROGRESS,in,80,Ohio,195,OHIO,Kent State,2309,KENT,99,99,2-2,2-2,0-0,1-0,Zoeller Field at Dix Stadium,Kent,OH,False,False,True,ESPN+,1,66.0,,,,,,,2026-10-03T20:20:09+00:00
401866477,2026-10-03T19:30Z,2026-10-03 03:30 PM ET,STATUS_IN_PROGRESS,in,80,Bowling Green,189,BGSU,Miami (OH),193,M-OH,99,99,0-4,2-2,0-0,0-0,Yager Stadium,Oxford,OH,False,False,True,ESPN+,1,69.0,,,,,,,2026-10-03T20:20:09+00:00
401866652,2026-10-03T19:30Z,2026-10-03 03:30 PM ET,STATUS_IN_PROGRESS,in,81,Sacred Heart,2529,SHU,Maine,311,ME,99,99,1-3,1-4,1-2,1-1,Harold Alfond Sports Stadium,Orono,ME,False,False,True,FloSports,1,62.0,,,,,Coastal Athletic Association,Coastal Athletic Association,2026-10-03T20:20:09+00:00
401866655,2026-10-03T19:30Z,2026-10-03 03:30 PM ET,STATUS_IN_PROGRESS,in,81,Delaware State,2169,DSU,UAlbany,399,ALB,99,99,3-2,2-3,0-0,1-1,Bob Ford Field at Tom & Mary Casey Stadium,Albany,NY,False,False,False,FloSports,1,67.0,,,,,Mid-Eastern Athletic,Coastal Athletic Association,2026-10-03T20:20:09+00:00
401868025,2026-10-03T19:30Z,2026-10-03 03:30 PM ET,STATUS_IN_PROGRESS,in,81,Holy Cross,107,HC,William & Mary,2729,W&M,99,99,1-4,2-3,1-2,1-2,Walter J. Zable Stadium,Williamsburg,VA,False,False,True,ESPN+,7,64.0,,,,,Patriot League,Patriot League,2026-10-03T20:20:09+00:00
401868339,2026-10-03T19:30Z,2026-10-03 03:30 PM ET,STATUS_IN_PROGRESS,in,81,Chattanooga,236,UTC,East Tennessee State,2193,ETSU,99,99,3-2,3-2,2-0,1-0,William B. Greene Jr. Stadium,Johnson City,TN,False,False,True,ESPN+,15,76.0,,,,,Southern,Southern,2026-10-03T20:20:09+00:00
401869956,2026-10-03T19:30Z,2026-10-03 03:30 PM ET,STATUS_IN_PROGRESS,in,80,Old Dominion,295,ODU,Georgia State,2247,GAST,99,99,1-3,3-1,0-1,0-0,Center Parc Stadium,Atlanta,GA,False,False,True,ESPN+,12,84.0,,,,,,,2026-10-03T20:20:09+00:00
401869962,2026-10-03T19:45Z,2026-10-03 03:45 PM ET,STATUS_IN_PROGRESS,in,80,Marshall,276,MRSH,James Madison,256,JMU,99,99,3-1,4-0,0-0,1-0,Bridgeforth Stadium,Harrisonburg,VA,False,False,True,ESPNU,7,55.0,,,,,,,2026-10-03T20:20:09+00:00
401856708,2026-10-03T19:50Z,2026-10-03 03:50 PM ET,STATUS_IN_PROGRESS,in,80,Florida,57,FLA,Missouri,142,MIZ,8,25,4-0,3-1,2-0,0-1,Memorial Stadium,Columbia,MO,False,False,True,ABC,1,73.0,,,,,Southeastern,Southeastern,2026-10-03T20:20:09+00:00
401858475,2026-10-03T20:00Z,2026-10-03 04:00 PM ET,STATUS_IN_PROGRESS,in,80,Maryland,120,MD,Nebraska,158,NEB,99,99,2-2,4-0,0-1,1-0,"Memorial Stadium (Lincoln, NE)",Lincoln,NE,False,False,True,FS1,1,76.0,,,,,Big Ten,Big Ten,2026-10-03T20:20:09+00:00
401864514,2026-10-03T20:00Z,2026-10-03 04:00 PM ET,STATUS_IN_PROGRESS,in,80,UTEP,2638,UTEP,New Mexico,167,UNM,99,99,1-3,3-1,0-0,0-0,University Stadium (NM),Albuquerque,NM,False,False,True,MW+,1,70.0,,,,,Mountain West,Mountain West,2026-10-03T20:20:09+00:00
401868114,2026-10-03T20:00Z,2026-10-03 04:00 PM ET,STATUS_IN_PROGRESS,in,81,Northern Colorado,2458,UNCO,Montana,149,MONT,99,99,2-3,4-1,1-1,2-0,Washington-Grizzly Stadium,Missoula,MT,False,False,True,"ESPN+, Scripps Sports",3,67.0,,,,,Big Sky,Big Sky,2026-10-03T20:20:09+00:00
401868197,2026-10-03T20:00Z,2026-10-03 04:00 PM ET,STATUS_IN_PROGRESS,in,81,Tennessee State,2634,TNST,Western Illinois,2710,WIU,99,99,1-3,2-3,0-0,0-0,Hanson Field,Macomb,IL,False,False,True,ESPN+,1,72.0,,,,,Ohio Valley,Ohio Valley,2026-10-03T20:20:09+00:00
401868220,2026-10-03T20:00Z,2026-10-03 04:00 PM ET,STATUS_IN_PROGRESS,in,81,Davidson,2166,DAV,San Diego,301,USD,99,99,2-3,1-3,0-1,0-1,Torero Stadium,San Diego,CA,False,False,True,ESPN+,1,99.0,,,,,,,2026-10-03T20:20:09+00:00
401868328,2026-10-03T20:00Z,2026-10-03 04:00 PM ET,STATUS_IN_PROGRESS,in,81,Alabama State,2011,ALST,Bethune-Cookman,2065,BCU,99,99,3-1,2-2,1-0,0-0,Daytona Stadium,Daytona Beach,FL,False,False,True,,6,86.0,,,,,,,2026-10-03T20:20:09+00:00
401856709,2026-10-03T20:15Z,2026-10-03 04:15 PM ET,STATUS_SCHEDULED,pre,80,Kentucky,96,UK,South Carolina,2579,SC,24,99,3-1,2-2,1-1,0-2,Williams-Brice Stadium,Columbia,SC,False,False,True,SEC Network,7,81.0,SC -2.5,52.5,7.0,68.0,Southeastern,Southeastern,2026-10-03T20:20:09+00:00
401858472,2026-10-03T20:15Z,2026-10-03 04:15 PM ET,STATUS_IN_PROGRESS,in,80,Purdue,2509,PUR,Illinois,356,ILL,99,99,1-3,2-2,0-1,0-1,Gies Memorial Stadium,Champaign,IL,False,False,True,BTN,1,71.0,,,,,Big Ten,Big Ten,2026-10-03T20:20:09+00:00
401867891,2026-10-03T21:00Z,2026-10-03 05:00 PM ET,STATUS_SCHEDULED,pre,81,Youngstown State,2754,YSU,Southern Illinois,79,SIU,99,99,3-2,3-2,1-1,1-0,Saluki Stadium,Carbondale,IL,False,False,True,ESPN+,Mostly sunny,76.0,YSU -4,64.5,16.0,0.0,Missouri Valley Football,Missouri Valley Football,2026-10-03T20:20:09+00:00
401868064,2026-10-03T21:00Z,2026-10-03 05:00 PM ET,STATUS_SCHEDULED,pre,81,New Haven,2441,NH,Austin Peay,2046,APSU,99,99,1-4,4-1,0-1,1-0,Fortera Stadium,Clarksville,TN,False,False,False,ESPN+,Intermittent clouds,72.0,APSU -35.5,50.5,14.0,7.0,Northeast,United Athletic,2026-10-03T20:20:09+00:00
401868295,2026-10-03T21:00Z,2026-10-03 05:00 PM ET,STATUS_SCHEDULED,pre,81,Alabama A&M,2010,AAMU,Jackson State,2296,JKST,99,99,4-1,4-0,1-0,1-0,Ladd-Peebles Stadium,Mobile,AL,False,True,True,,Cloudy,79.0,JKST -10,54.5,15.0,49.0,,,2026-10-03T20:20:09+00:00
401860899,2026-10-03T22:00Z,2026-10-03 06:00 PM ET,STATUS_SCHEDULED,pre,80,Oregon State,204,ORST,Colorado State,36,CSU,99,99,2-2,2-2,0-0,0-0,Canvas Stadium,Fort Collins,CO,False,False,True,USA Net,Mostly sunny,84.0,ORST -7,62.5,28.0,0.0,Pac-12,Pac-12,2026-10-03T20:20:09+00:00
401862790,2026-10-03T22:00Z,2026-10-03 06:00 PM ET,STATUS_SCHEDULED,pre,80,Texas Southern,2640,TXSO,Florida Atlantic,2226,FAU,99,99,1-3,3-1,0-2,1-0,Flagler Credit Union Stadium,Boca Raton,FL,False,False,False,ESPN+,Intermittent clouds,86.0,FAU -47.5,62.5,18.0,33.0,,American,2026-10-03T20:20:09+00:00
401866653,2026-10-03T22:00Z,2026-10-03 06:00 PM ET,STATUS_SCHEDULED,pre,81,North Carolina A&T,2448,NCAT,Bryant,2803,BRY,99,99,1-4,3-1,1-1,1-0,Beirne Stadium,Smithfield,RI,False,False,True,FloSports,Mostly sunny,63.0,BRY -13.5,47.5,14.0,0.0,Coastal Athletic Association,Coastal Athletic Association,2026-10-03T20:20:09+00:00
401866657,2026-10-03T22:00Z,2026-10-03 06:00 PM ET,STATUS_SCHEDULED,pre,81,Campbell,2097,CAM,North Carolina Central,2428,NCCU,99,99,4-1,2-3,2-0,0-0,O'Kelly-Riddick Stadium,Durham,NC,False,False,False,,Cloudy,67.0,CAM -13.5,57.5,20.0,44.0,Coastal Athletic Association,Mid-Eastern Athletic,2026-10-03T20:20:09+00:00
401868143,2026-10-03T22:00Z,2026-10-03 06:00 PM ET,STATUS_SCHEDULED,pre,81,North Alabama,2453,UNA,Eastern Kentucky,2198,EKU,99,99,3-2,1-3,0-0,0-0,Roy Kidd Stadium,Richmond,KY,False,False,True,ESPN+,Intermittent clouds,70.0,EKU -1.5,49.5,8.0,0.0,United Athletic,United Athletic,2026-10-03T20:20:09+00:00
401868173,2026-10-03T22:00Z,2026-10-03 06:00 PM ET,STATUS_SCHEDULED,pre,81,Gardner-Webb,2241,GWEB,Charleston Southern,2127,CHSO,99,99,1-4,2-2,0-0,0-1,Buccaneer Field,Charleston,SC,False,False,True,ESPN+,Thunderstorms,78.0,GWEB -7,44.5,10.0,75.0,Ohio Valley,Ohio Valley,2026-10-03T20:20:09+00:00
401868309,2026-10-03T22:00Z,2026-10-03 06:00 PM ET,STATUS_SCHEDULED,pre,81,Incarnate Word,2916,UIW,Stephen F. Austin,2617,SFA,99,99,2-2,5-0,1-0,2-0,Homer Bryce Stadium,Nacogdoches,TX,False,False,True,ESPN+,Mostly cloudy w/ t-storms,82.0,SFA -18.5,55.5,14.0,52.0,Southland,Southland,2026-10-03T20:20:09+00:00
401868391,2026-10-03T22:00Z,2026-10-03 06:00 PM ET,STATUS_SCHEDULED,pre,81,Tennessee Tech,2635,TNTC,Western Carolina,2717,WCU,99,99,4-0,2-3,2-0,0-1,E.J. Whitmire Stadium,Cullowhee,NC,False,False,True,ESPN+,Intermittent clouds,72.0,TNTC -12.5,64.5,4.0,49.0,Southern,Southern,2026-10-03T20:20:09+00:00
401856711,2026-10-03T23:00Z,2026-10-03 07:00 PM ET,STATUS_SCHEDULED,pre,80,Arkansas,8,ARK,Texas A&M,245,TA&M,99,99,2-2,2-2,0-1,0-2,Kyle Field,College Station,TX,False,False,True,ESPN2,Intermittent clouds,83.0,TA&M -14,50.5,15.0,25.0,Southeastern,Southeastern,2026-10-03T20:20:09+00:00
401856818,2026-10-03T23:00Z,2026-10-03 07:00 PM ET,STATUS_SCHEDULED,pre,80,BYU,252,BYU,TCU,2628,TCU,10,99,3-0,2-2,1-0,0-1,Amon G. Carter Stadium,Fort Worth,TX,False,False,True,"ESPN, Disney+",Rain,71.0,BYU -6,47.5,13.0,85.0,Big 12,Big 12,2026-10-03T20:20:09+00:00
401862788,2026-10-03T23:00Z,2026-10-03 07:00 PM ET,STATUS_SCHEDULED,pre,80,UTSA,2636,UTSA,Rice,242,RICE,99,99,3-1,1-3,0-0,0-0,First Community Stadium,Houston,TX,False,False,True,ESPN+,Thunderstorms,83.0,UTSA -12.5,55.5,14.0,57.0,American,American,2026-10-03T20:20:09+00:00
401867688,2026-10-03T23:00Z,2026-10-03 07:00 PM ET,STATUS_SCHEDULED,pre,81,Chicago State,2130,CHST,Tarleton State,2627,TAR,99,99,1-4,4-0,0-0,0-0,Tarleton Memorial Stadium,Stephenville,TX,False,False,False,ESPN+,Cloudy,71.0,TAR -50.5,64.5,10.0,49.0,FCS Independents,United Athletic,2026-10-03T20:20:09+00:00
401867840,2026-10-03T23:00Z,2026-10-03 07:00 PM ET,STATUS_SCHEDULED,pre,81,Colgate,2142,COLG,Harvard,108,HARV,99,99,4-1,2-0,3-0,1-0,Harvard Stadium,Cambridge,MA,False,False,False,ESPN+,Mostly clear,59.0,HARV -4.5,40.5,13.0,0.0,Patriot League,Ivy League,2026-10-03T20:20:09+00:00
401867848,2026-10-03T23:00Z,2026-10-03 07:00 PM ET,STATUS_SCHEDULED,pre,81,South Dakota State,2571,SDST,Illinois State,2287,ILST,99,99,4-1,4-1,1-0,0-1,Hancock Stadium,Normal,IL,False,False,True,ESPN+,Sunny,65.0,SDST -2.5,51.5,8.0,0.0,Missouri Valley Football,Missouri Valley Football,2026-10-03T20:20:09+00:00
401868248,2026-10-03T23:00Z,2026-10-03 07:00 PM ET,STATUS_SCHEDULED,pre,81,UT Rio Grande Valley,292,RGV,East Texas A&M,2837,ETAM,99,99,2-2,1-4,1-1,1-2,"Memorial Stadium (Commerce, TX)",Commerce,TX,False,False,True,ESPN+,Mostly cloudy w/ showers,72.0,RGV -10.5,50.5,8.0,80.0,Southland,Southland,2026-10-03T20:20:09+00:00
401868936,2026-10-03T23:00Z,2026-10-03 07:00 PM ET,STATUS_SCHEDULED,pre,81,Arkansas-Pine Bluff,2029,UAPB,Southern,2582,SOU,99,99,2-2,2-3,0-1,0-1,A.W. Mumford Stadium,Baton Rouge,LA,False,False,True,,Thunderstorms,80.0,SOU -2.5,55.5,12.0,75.0,,,2026-10-03T20:20:09+00:00
401869131,2026-10-03T23:00Z,2026-10-03 07:00 PM ET,STATUS_SCHEDULED,pre,81,Northwestern State,2466,NWST,Lamar,2320,LAM,99,99,0-5,3-1,0-2,1-0,Provost Umphrey Stadium,Beaumont,TX,False,False,True,ESPN+,Thunderstorms,80.0,LAM -41.5,54.5,10.0,66.0,Southland,Southland,2026-10-03T20:20:09+00:00
401869151,2026-10-03T23:00Z,2026-10-03 07:00 PM ET,STATUS_SCHEDULED,pre,81,Nicholls,2447,NICH,Houston Christian,2277,HCU,99,99,2-3,2-3,1-1,1-1,Husky Stadium (TX),Houston,TX,False,False,True,ESPN+,Cloudy,82.0,HCU -1.5,51.5,9.0,49.0,Southland,Southland,2026-10-03T20:20:09+00:00
401869942,2026-10-03T23:00Z,2026-10-03 07:00 PM ET,STATUS_SCHEDULED,pre,80,Georgia Southern,290,GASO,Coastal Carolina,324,CCU,99,99,1-3,1-3,0-0,0-0,Brooks Stadium (SC),Conway,SC,False,False,True,ESPN+,Cloudy,78.0,GASO -2.5,52.5,8.0,49.0,,,2026-10-03T20:20:09+00:00
401871089,2026-10-03T23:00Z,2026-10-03 07:00 PM ET,STATUS_SCHEDULED,pre,80,UL Monroe,2433,ULM,South Alabama,6,USA,99,99,0-4,2-2,0-0,0-0,Hancock Whitney Stadium,Mobile,AL,False,False,True,ESPN+,Thunderstorms,77.0,USA -13.5,57.5,10.0,79.0,,,2026-10-03T20:20:09+00:00
401856821,2026-10-03T23:30Z,2026-10-03 07:30 PM ET,STATUS_SCHEDULED,pre,80,Texas Tech,2641,TTU,Colorado,38,COLO,12,99,4-0,2-2,1-0,0-1,Folsom Field,Boulder,CO,False,False,True,FOX,Mostly sunny,81.0,TTU -13.5,49.5,15.0,0.0,Big 12,Big 12,2026-10-03T20:20:09+00:00
401858249,2026-10-03T23:30Z,2026-10-03 07:30 PM ET,STATUS_SCHEDULED,pre,80,Miami,2390,MIA,Clemson,228,CLEM,4,99,4-0,3-1,2-0,2-0,"Memorial Stadium (Clemson, SC)",Clemson,SC,False,False,True,ABC,Mostly cloudy w/ t-storms,75.0,MIA -15.5,48.5,8.0,75.0,Atlantic Coast,Atlantic Coast,2026-10-03T20:20:09+00:00
401858478,2026-10-03T23:30Z,2026-10-03 07:30 PM ET,STATUS_SCHEDULED,pre,80,Washington,264,WASH,USC,30,USC,99,18,3-1,4-1,0-1,1-1,Los Angeles Memorial Coliseum,Los Angeles,CA,False,False,True,NBC,Sunny,98.0,USC -7.5,58.5,12.0,0.0,Big Ten,Big Ten,2026-10-03T20:20:09+00:00
401860898,2026-10-03T23:30Z,2026-10-03 07:30 PM ET,STATUS_SCHEDULED,pre,80,Utah State,328,USU,Boise State,68,BOIS,99,22,1-3,3-1,0-0,0-0,Albertsons Stadium,Boise,ID,False,False,True,CBSSN,Sunny,85.0,BOIS -19.5,51.5,6.0,0.0,Pac-12,Pac-12,2026-10-03T20:20:09+00:00
401862792,2026-10-03T23:30Z,2026-10-03 07:30 PM ET,STATUS_SCHEDULED,pre,80,Temple,218,TEM,South Florida,58,USF,99,99,1-3,4-0,0-1,1-0,Raymond James Stadium,Tampa,FL,False,False,True,ESPNU,Mostly cloudy w/ t-storms,81.0,USF -5.5,48.5,8.0,61.0,American,American,2026-10-03T20:20:09+00:00
401869842,2026-10-03T23:30Z,2026-10-03 07:30 PM ET,STATUS_SCHEDULED,pre,80,Army,349,ARMY,Louisiana Tech,2348,LT,99,99,2-1,1-2,1-1,0-0,Joe Aillet Stadium,Ruston,LA,False,False,False,ESPN+,Intermittent clouds,80.0,LT -1.5,47.5,12.0,34.0,American,,2026-10-03T20:20:09+00:00
401856706,2026-10-03T23:45Z,2026-10-03 07:45 PM ET,STATUS_SCHEDULED,pre,80,McNeese,2377,MCN,LSU,99,LSU,99,11,2-3,3-1,1-2,1-1,Tiger Stadium (LA),Baton Rouge,LA,False,False,False,SEC Network,Thunderstorms,81.0,LSU -53.5,62.5,12.0,75.0,Southland,Southeastern,2026-10-03T20:20:09+00:00
401858477,2026-10-04T00:00Z,2026-10-03 08:00 PM ET,STATUS_SCHEDULED,pre,80,Indiana,84,IU,Rutgers,164,RUTG,6,99,4-0,1-3,1-0,0-1,SHI Stadium,Piscataway,NJ,False,False,True,BTN,Mostly clear,62.0,IU -24.5,56.5,9.0,0.0,Big Ten,Big Ten,2026-10-03T20:20:09+00:00
401868053,2026-10-04T00:00Z,2026-10-03 08:00 PM ET,STATUS_SCHEDULED,pre,81,West Florida,110242,UWF,Abilene Christian,2000,ACU,99,99,3-1,1-4,1-1,0-0,Wildcat Stadium (TX),Abilene,TX,False,False,True,ESPN+,Intermittent clouds,73.0,ACU -4.5,48.5,12.0,44.0,United Athletic,United Athletic,2026-10-03T20:20:09+00:00
401868077,2026-10-04T00:00Z,2026-10-03 08:00 PM ET,STATUS_SCHEDULED,pre,81,Weber State,2692,WEB,Cal Poly,13,CP,99,99,2-3,3-2,1-1,2-0,Mustang Memorial Field at Spanos Stadium,San Luis Obispo,CA,False,False,True,ESPN+,Sunny,85.0,CP -5.5,67.5,12.0,0.0,Big Sky,Big Sky,2026-10-03T20:20:09+00:00
401868104,2026-10-04T00:00Z,2026-10-03 08:00 PM ET,STATUS_SCHEDULED,pre,81,Northern Arizona,2464,NAU,Idaho State,304,IDST,99,99,3-2,4-0,2-1,1-0,ICCU Dome,Pocatello,ID,True,False,True,ESPN+,Mostly sunny,77.0,IDST -7.5,55.5,8.0,0.0,Big Sky,Big Sky,2026-10-03T20:20:09+00:00
401868160,2026-10-04T00:00Z,2026-10-03 08:00 PM ET,STATUS_SCHEDULED,pre,81,Southern Utah,253,SUU,Utah Tech,3101,UTU,99,99,1-4,0-5,0-2,0-3,Greater Zion Stadium,Saint George,UT,False,False,True,ESPN+,Mostly sunny,94.0,SUU -12.5,55.5,2.0,0.0,Big Sky,Big Sky,2026-10-03T20:20:09+00:00
401869932,2026-10-04T00:00Z,2026-10-03 08:00 PM ET,STATUS_SCHEDULED,pre,80,Arkansas State,2032,ARST,Louisiana,309,UL,99,99,2-2,3-1,0-0,0-0,Our Lady of Lourdes Stadium,Lafayette,LA,False,False,True,ESPN+,Thunderstorms,81.0,UL -6,49.5,6.0,79.0,,,2026-10-03T20:20:09+00:00
401860921,2026-10-04T01:30Z,2026-10-03 09:30 PM ET,STATUS_SCHEDULED,pre,80,Fresno State,278,FRES,Washington State,265,WSU,99,99,3-1,1-3,0-0,0-0,Martin Stadium,Pullman,WA,False,False,True,USA Net,Sunny,70.0,WSU -2.5,44.5,7.0,0.0,Pac-12,Pac-12,2026-10-03T20:20:09+00:00
401856817,2026-10-04T02:30Z,2026-10-03 10:30 PM ET,STATUS_SCHEDULED,pre,80,Baylor,239,BAY,Arizona State,9,ASU,99,99,3-1,2-1,1-0,1-0,Mountain America Stadium,Tempe,AZ,False,False,True,ESPN,Clear,93.0,ASU -3.5,48.5,12.0,0.0,Big 12,Big 12,2026-10-03T20:20:09+00:00
401860900,2026-10-04T02:30Z,2026-10-03 10:30 PM ET,STATUS_SCHEDULED,pre,80,Texas State,326,TXST,San Diego State,21,SDSU,99,99,2-2,1-3,0-0,0-0,Snapdragon Stadium,San Diego,CA,False,False,True,CW,Clear,92.0,TXST -9.5,57.5,6.0,0.0,Pac-12,Pac-12,2026-10-03T20:20:09+00:00
401868086,2026-10-04T02:30Z,2026-10-03 10:30 PM ET,STATUS_SCHEDULED,pre,81,Eastern Washington,331,EWU,UC Davis,302,UCD,99,99,1-4,3-2,0-2,1-1,UC Davis Health Stadium,Davis,CA,False,False,True,ESPN2,Clear,91.0,UCD -10,61.5,5.0,0.0,Big Sky,Big Sky,2026-10-03T20:20:09+00:00
401856820,2026-10-04T03:00Z,2026-10-03 11:00 PM ET,STATUS_SCHEDULED,pre,80,Cincinnati,2132,CIN,Arizona,12,ARIZ,99,99,4-0,3-1,1-0,0-1,Casino Del Sol Stadium,Tucson,AZ,False,False,True,FOX,Clear,81.0,ARIZ -7,55.5,12.0,0.0,Big 12,Big 12,2026-10-03T20:20:09+00:00
401864513,2026-10-04T03:59Z,2026-10-03 11:59 PM ET,STATUS_SCHEDULED,pre,80,San José State,23,SJSU,Hawai'i,62,HAW,99,99,2-2,1-3,0-0,0-2,Clarence T.C. Ching Athletics Complex,Honolulu,HI,False,False,True,MW+,Partly sunny,82.0,HAW -2.5,50.5,23.0,0.0,Mountain West,Mountain West,2026-10-03T20:20:09+00:00
